iteration,mean_dist_to_failed,mean_dist_to_unconv,mean_delta_failed_minus_unconv,prop_closer_to_failed,prop_closer_to_unconv
0,24.10998,23.599596,0.5103833,0.2857142857142857,0.7142857142857143
1,26.342436,25.942038,0.40039662,0.2857142857142857,0.7142857142857143
2,24.825,24.854788,-0.029788153,0.2857142857142857,0.7142857142857143
3,24.932377,26.181898,-1.2495174,1.0,0.0
4,28.146976,24.245747,3.9012294,0.0,1.0
5,24.86829,26.275713,-1.4074222,1.0,0.0
6,25.70995,24.354599,1.3553503,0.0,1.0
7,26.073427,26.298685,-0.22525951,0.5714285714285714,0.42857142857142855
8,26.783178,25.253134,1.5300467,0.0,1.0
9,28.611328,25.501047,3.1102796,0.0,1.0
10,26.896587,25.317953,1.5786334,0.0,1.0
11,26.913193,25.403452,1.509743,0.0,1.0
12,25.590368,25.49078,0.09958894,0.42857142857142855,0.5714285714285714
13,25.132086,25.746578,-0.61449105,0.7142857142857143,0.2857142857142857
14,25.72543,26.259493,-0.5340606,0.8571428571428571,0.14285714285714285
15,24.917917,25.106726,-0.18881062,0.42857142857142855,0.5714285714285714
16,25.746706,25.16888,0.57782745,0.2857142857142857,0.7142857142857143
17,25.594378,23.88203,1.7123489,0.0,1.0
18,25.893164,26.542364,-0.6491996,0.8571428571428571,0.14285714285714285
19,26.659544,23.982388,2.6771545,0.0,1.0
20,24.92892,23.966125,0.96279687,0.0,1.0
21,25.941376,24.209158,1.7322159,0.0,1.0
22,25.684332,25.02432,0.66001374,0.14285714285714285,0.8571428571428571
23,24.762827,24.270798,0.49202648,0.42857142857142855,0.5714285714285714
24,25.557545,23.605228,1.9523171,0.0,1.0
25,27.793888,25.672512,2.1213765,0.0,1.0
26,24.730743,24.647268,0.083469935,0.14285714285714285,0.8571428571428571
27,25.599148,27.239918,-1.6407716,1.0,0.0
28,26.533817,23.692457,2.84136,0.0,1.0
29,25.473547,25.264162,0.20938492,0.5714285714285714,0.42857142857142855
30,26.303305,25.158606,1.1446985,0.0,1.0
31,25.986326,24.551342,1.4349842,0.14285714285714285,0.8571428571428571
32,26.851828,24.250963,2.600867,0.0,1.0
33,26.078905,25.651403,0.4275003,0.14285714285714285,0.8571428571428571
34,24.90538,23.169725,1.7356529,0.0,1.0
35,27.961748,23.294538,4.66721,0.0,1.0
36,26.072033,24.750824,1.3212079,0.0,1.0
37,24.81837,26.400883,-1.5825111,1.0,0.0
38,25.360384,23.99616,1.3642254,0.0,1.0
39,25.738728,25.456196,0.28253284,0.42857142857142855,0.5714285714285714
40,26.682186,24.169758,2.5124261,0.0,1.0
41,24.46578,24.047546,0.41823578,0.2857142857142857,0.7142857142857143
42,25.197462,23.53251,1.6649503,0.0,1.0
43,25.905893,24.777956,1.1279354,0.0,1.0
44,24.200836,23.810743,0.39009094,0.14285714285714285,0.8571428571428571
45,24.923727,23.945324,0.9784036,0.2857142857142857,0.7142857142857143
46,24.405945,24.075026,0.33092064,0.2857142857142857,0.7142857142857143
47,25.223192,24.960352,0.26284164,0.42857142857142855,0.5714285714285714
48,25.231756,23.923155,1.3086027,0.0,1.0
49,25.21042,24.550825,0.65959656,0.2857142857142857,0.7142857142857143
50,25.272038,23.728014,1.5440235,0.0,1.0
51,25.711035,24.869322,0.8417119,0.0,1.0
52,24.924458,27.325068,-2.4006088,1.0,0.0
53,25.806833,25.318176,0.4886562,0.2857142857142857,0.7142857142857143
54,25.145267,25.08885,0.056419916,0.5714285714285714,0.42857142857142855
55,25.608166,24.649336,0.9588277,0.2857142857142857,0.7142857142857143
56,24.507322,25.094105,-0.58678216,1.0,0.0
57,24.959064,23.987692,0.9713726,0.14285714285714285,0.8571428571428571
58,29.795147,24.236532,5.5586123,0.0,1.0
59,25.86049,24.1472,1.7132944,0.0,1.0
60,25.348621,26.263166,-0.91454095,1.0,0.0
61,24.067398,23.918797,0.1485988,0.42857142857142855,0.5714285714285714
62,24.574924,24.49031,0.08461162,0.5714285714285714,0.42857142857142855
63,25.29448,24.108719,1.1857622,0.0,1.0
64,24.743189,25.554415,-0.8112262,0.7142857142857143,0.2857142857142857
65,25.880644,24.51915,1.3614922,0.0,1.0
66,26.413807,24.818087,1.5957192,0.0,1.0
67,26.124826,25.217405,0.90742165,0.14285714285714285,0.8571428571428571
68,24.360966,24.212784,0.14818247,0.5714285714285714,0.42857142857142855
69,24.752289,23.216963,1.5353252,0.0,1.0
70,25.581911,24.488539,1.0933737,0.14285714285714285,0.8571428571428571
71,25.255697,26.22313,-0.967432,1.0,0.0
72,26.464443,25.648478,0.8159643,0.14285714285714285,0.8571428571428571
73,24.961622,24.824507,0.13711466,0.42857142857142855,0.5714285714285714
74,25.740751,24.851683,0.8890702,0.0,1.0
75,26.093042,24.63673,1.4563122,0.0,1.0
76,25.03149,25.501587,-0.47009686,0.8571428571428571,0.14285714285714285
77,25.007935,25.477945,-0.47001103,0.8571428571428571,0.14285714285714285
78,24.639177,25.064688,-0.42551178,0.7142857142857143,0.2857142857142857
79,25.05666,24.758219,0.29844174,0.14285714285714285,0.8571428571428571
80,25.586782,24.959524,0.6272602,0.0,1.0
81,24.573935,24.725056,-0.15112141,0.7142857142857143,0.2857142857142857
82,25.861996,23.736126,2.1258717,0.0,1.0
83,25.155924,25.322872,-0.1669494,0.42857142857142855,0.5714285714285714
84,24.669107,24.157446,0.51165855,0.2857142857142857,0.7142857142857143
85,25.271011,24.366087,0.9049252,0.2857142857142857,0.7142857142857143
86,25.13747,25.965168,-0.8277002,0.8571428571428571,0.14285714285714285
87,26.548819,25.019718,1.5290991,0.0,1.0
88,24.93375,26.322947,-1.3891934,1.0,0.0
89,24.679142,24.173105,0.50603646,0.42857142857142855,0.5714285714285714
90,24.67136,23.801195,0.87016624,0.14285714285714285,0.8571428571428571
91,25.07098,25.48181,-0.41083091,0.7142857142857143,0.2857142857142857
92,25.13344,23.792257,1.3411859,0.0,1.0
93,24.904737,23.57871,1.3260272,0.0,1.0
94,23.714426,22.824404,0.89002144,0.14285714285714285,0.8571428571428571
95,25.121336,23.709356,1.4119772,0.0,1.0
96,25.937147,24.413618,1.5235304,0.0,1.0
97,28.304049,24.8809,3.4231486,0.0,1.0
98,25.832308,24.433073,1.3992358,0.0,1.0
99,25.704239,23.388063,2.3161752,0.0,1.0
100,25.818373,24.919846,0.8985282,0.2857142857142857,0.7142857142857143
101,23.934368,23.73615,0.19821575,0.2857142857142857,0.7142857142857143
102,24.936426,24.735422,0.20100321,0.5714285714285714,0.42857142857142855
103,27.851776,25.536274,2.3155017,0.0,1.0
104,25.800055,25.122458,0.6775979,0.42857142857142855,0.5714285714285714
105,23.804613,22.939785,0.8648281,0.14285714285714285,0.8571428571428571
106,24.798431,24.289087,0.50934356,0.2857142857142857,0.7142857142857143
107,24.101809,24.3577,-0.2558929,0.5714285714285714,0.42857142857142855
108,23.95091,25.38156,-1.4306499,0.7142857142857143,0.2857142857142857
109,24.717468,24.206844,0.5106234,0.2857142857142857,0.7142857142857143
110,25.745325,25.566988,0.17833601,0.42857142857142855,0.5714285714285714
111,25.752674,25.242872,0.50980514,0.14285714285714285,0.8571428571428571
112,29.393614,25.59637,3.797245,0.0,1.0
113,25.428728,23.977175,1.451552,0.14285714285714285,0.8571428571428571
114,25.064777,24.902372,0.16240528,0.42857142857142855,0.5714285714285714
115,25.80904,23.957571,1.8514693,0.0,1.0
116,26.24286,25.614012,0.628849,0.42857142857142855,0.5714285714285714
117,25.864666,25.430197,0.4344646,0.2857142857142857,0.7142857142857143
118,25.079996,23.898394,1.1816027,0.2857142857142857,0.7142857142857143
119,24.880539,22.354902,2.5256386,0.0,1.0
120,24.718348,24.962574,-0.24423027,0.5714285714285714,0.42857142857142855
121,25.26775,24.827406,0.44034195,0.14285714285714285,0.8571428571428571
122,25.227388,23.987852,1.2395352,0.0,1.0
123,24.640093,25.196585,-0.55649537,0.7142857142857143,0.2857142857142857
124,25.696283,24.769268,0.9270164,0.0,1.0
125,25.854708,26.62886,-0.77415276,0.8571428571428571,0.14285714285714285
126,26.14012,25.243113,0.89700645,0.0,1.0
127,25.573503,25.669466,-0.095961705,0.5714285714285714,0.42857142857142855
128,25.500166,26.575464,-1.0752994,1.0,0.0
129,26.667004,25.081236,1.5857667,0.0,1.0
130,24.156677,24.245745,-0.08906664,0.5714285714285714,0.42857142857142855
131,25.751978,26.354599,-0.6026238,0.8571428571428571,0.14285714285714285
132,25.353445,24.761112,0.59233445,0.2857142857142857,0.7142857142857143
133,25.624895,25.823442,-0.19854818,0.7142857142857143,0.2857142857142857
134,24.016937,23.912289,0.104648866,0.7142857142857143,0.2857142857142857
135,24.371964,23.779728,0.59223586,0.2857142857142857,0.7142857142857143
136,26.082731,25.774632,0.30809838,0.42857142857142855,0.5714285714285714
137,25.06027,23.027365,2.0329032,0.0,1.0
138,25.046427,24.571941,0.4744824,0.2857142857142857,0.7142857142857143
139,25.607397,26.283266,-0.6758668,0.8571428571428571,0.14285714285714285
140,26.832687,24.82324,2.0094464,0.0,1.0
141,23.81494,24.484928,-0.6699897,0.8571428571428571,0.14285714285714285
142,26.290857,25.47539,0.81546646,0.0,1.0
143,25.43919,25.942877,-0.5036888,0.8571428571428571,0.14285714285714285
144,24.227627,22.912127,1.3154984,0.0,1.0
145,25.115622,24.515594,0.6000287,0.2857142857142857,0.7142857142857143
146,24.906092,26.294659,-1.3885678,0.8571428571428571,0.14285714285714285
147,25.891676,25.480127,0.4115486,0.42857142857142855,0.5714285714285714
148,25.070055,25.475328,-0.40527424,0.7142857142857143,0.2857142857142857
149,25.459332,24.221018,1.2383126,0.0,1.0
150,23.833921,23.934496,-0.10057504,0.5714285714285714,0.42857142857142855
151,25.89526,27.400816,-1.505557,1.0,0.0
152,25.571146,24.807957,0.76318794,0.2857142857142857,0.7142857142857143
153,26.170643,25.235077,0.93556595,0.14285714285714285,0.8571428571428571
154,24.029737,25.186611,-1.1568726,1.0,0.0
155,24.81172,24.964268,-0.15254974,0.5714285714285714,0.42857142857142855
156,25.705492,23.152315,2.5531785,0.0,1.0
157,25.396376,25.45711,-0.06073652,0.5714285714285714,0.42857142857142855
158,23.442514,23.880875,-0.43836185,0.5714285714285714,0.42857142857142855
159,25.03378,24.45723,0.5765476,0.14285714285714285,0.8571428571428571
160,24.290407,23.3708,0.9196063,0.0,1.0
161,26.844057,25.496578,1.3474805,0.14285714285714285,0.8571428571428571
162,25.89906,25.242949,0.6561132,0.2857142857142857,0.7142857142857143
163,26.00585,25.819494,0.18635477,0.14285714285714285,0.8571428571428571
164,24.662695,23.302912,1.3597819,0.0,1.0
165,24.941666,23.932968,1.0086992,0.0,1.0
166,26.344297,24.971964,1.3723305,0.0,1.0
167,26.46697,24.516129,1.9508463,0.0,1.0
168,25.2023,24.253363,0.9489351,0.14285714285714285,0.8571428571428571
169,24.229982,24.70577,-0.47579002,0.7142857142857143,0.2857142857142857
170,24.184523,23.96057,0.2239546,0.42857142857142855,0.5714285714285714
171,25.921865,24.544796,1.3770708,0.0,1.0
172,25.204174,23.894659,1.3095139,0.0,1.0
173,24.961695,24.06294,0.8987517,0.14285714285714285,0.8571428571428571
174,25.295492,23.331345,1.9641459,0.0,1.0
175,24.562418,22.291952,2.2704647,0.0,1.0
176,25.015507,24.94224,0.07326889,0.42857142857142855,0.5714285714285714
177,25.543484,24.607103,0.9363804,0.2857142857142857,0.7142857142857143
178,25.389408,24.338089,1.05132,0.14285714285714285,0.8571428571428571
179,26.300076,24.793911,1.5061654,0.0,1.0
180,25.710758,25.047825,0.6629344,0.2857142857142857,0.7142857142857143
181,25.717566,24.242987,1.4745786,0.0,1.0
182,25.694338,24.605621,1.0887165,0.14285714285714285,0.8571428571428571
183,26.054585,25.47291,0.5816746,0.0,1.0
184,26.123384,25.746552,0.37683323,0.14285714285714285,0.8571428571428571
185,26.17702,24.73557,1.4414471,0.0,1.0
186,24.72999,24.403118,0.32687134,0.2857142857142857,0.7142857142857143
187,25.3939,24.092743,1.301157,0.0,1.0
188,26.920332,25.329699,1.5906326,0.0,1.0
189,24.615023,24.522264,0.09275927,0.42857142857142855,0.5714285714285714
190,25.265413,26.04044,-0.7750277,0.7142857142857143,0.2857142857142857
191,26.2214,26.40397,-0.18257032,0.42857142857142855,0.5714285714285714
192,25.68672,25.90347,-0.21674702,0.7142857142857143,0.2857142857142857
193,25.62785,25.702494,-0.07464327,0.5714285714285714,0.42857142857142855
194,25.163975,25.473053,-0.30907685,0.7142857142857143,0.2857142857142857
195,25.232439,24.457212,0.77522767,0.0,1.0
196,24.297464,23.936754,0.36071068,0.2857142857142857,0.7142857142857143
197,27.815414,25.330246,2.48517,0.0,1.0
198,23.42926,23.209286,0.21997425,0.42857142857142855,0.5714285714285714
199,25.779371,25.365295,0.41407257,0.2857142857142857,0.7142857142857143
200,26.265028,26.74829,-0.4832584,0.7142857142857143,0.2857142857142857
201,24.900362,23.732681,1.1676794,0.0,1.0
202,26.039995,24.917082,1.1229128,0.14285714285714285,0.8571428571428571
203,25.374895,24.778904,0.59599113,0.14285714285714285,0.8571428571428571
204,24.462688,23.499334,0.96335167,0.0,1.0
205,24.334293,25.664806,-1.3305122,1.0,0.0
206,25.260393,25.15694,0.10345296,0.42857142857142855,0.5714285714285714
207,24.807968,24.159916,0.6480506,0.2857142857142857,0.7142857142857143
208,25.972778,25.171522,0.80125535,0.14285714285714285,0.8571428571428571
209,23.379482,22.726759,0.6527228,0.2857142857142857,0.7142857142857143
210,26.710978,26.185879,0.5250999,0.42857142857142855,0.5714285714285714
211,26.9359,25.316034,1.6198703,0.0,1.0
212,26.50346,24.819366,1.6840905,0.0,1.0
213,26.548197,24.2857,2.2624986,0.0,1.0
214,24.494696,24.148987,0.34570885,0.2857142857142857,0.7142857142857143
215,25.105944,25.246738,-0.14079311,0.5714285714285714,0.42857142857142855
216,26.12575,25.796793,0.3289607,0.42857142857142855,0.5714285714285714
217,24.956821,24.412994,0.5438295,0.14285714285714285,0.8571428571428571
218,26.723028,25.589306,1.1337231,0.0,1.0
219,26.192114,24.745419,1.4466983,0.0,1.0
220,25.887707,25.669626,0.21807888,0.42857142857142855,0.5714285714285714
221,24.929012,25.132572,-0.20356314,0.42857142857142855,0.5714285714285714
222,24.164553,25.004591,-0.8400361,0.7142857142857143,0.2857142857142857
223,25.116903,25.194124,-0.07721983,0.5714285714285714,0.42857142857142855
224,26.41388,24.472376,1.9415041,0.0,1.0
225,23.641493,23.450392,0.19109999,0.42857142857142855,0.5714285714285714
226,27.2083,24.661457,2.5468438,0.0,1.0
227,26.361147,25.84361,0.51753587,0.2857142857142857,0.7142857142857143
228,25.058393,24.517992,0.54039925,0.42857142857142855,0.5714285714285714
229,26.093973,24.332792,1.7611809,0.0,1.0
230,24.54696,25.028833,-0.48187065,1.0,0.0
231,24.420582,23.32663,1.0939528,0.0,1.0
232,24.639013,24.713423,-0.074409485,0.42857142857142855,0.5714285714285714
233,25.583477,25.766876,-0.18340138,0.5714285714285714,0.42857142857142855
234,26.23564,26.828602,-0.59296197,0.5714285714285714,0.42857142857142855
235,25.424286,25.288143,0.13614382,0.42857142857142855,0.5714285714285714
236,24.68785,23.44769,1.240163,0.14285714285714285,0.8571428571428571
237,26.482693,25.097086,1.3856076,0.0,1.0
238,24.750711,25.507944,-0.75723237,0.8571428571428571,0.14285714285714285
239,26.328068,26.194107,0.13396208,0.5714285714285714,0.42857142857142855
240,25.72938,25.23592,0.4934586,0.42857142857142855,0.5714285714285714
241,24.31941,23.909641,0.40976605,0.2857142857142857,0.7142857142857143
242,24.998316,23.805384,1.1929321,0.0,1.0
243,25.962385,25.010498,0.9518882,0.14285714285714285,0.8571428571428571
244,24.88242,23.71816,1.164259,0.0,1.0
245,26.42856,24.971247,1.4573154,0.0,1.0
246,26.605268,25.883753,0.7215192,0.0,1.0
247,25.320541,24.536028,0.7845178,0.2857142857142857,0.7142857142857143
248,26.211079,24.043253,2.1678264,0.0,1.0
249,25.655561,25.698835,-0.043275017,0.5714285714285714,0.42857142857142855
250,24.268373,25.055405,-0.7870317,0.7142857142857143,0.2857142857142857
251,25.221647,24.60029,0.6213586,0.14285714285714285,0.8571428571428571
252,25.200077,24.90683,0.29324505,0.2857142857142857,0.7142857142857143
253,25.058584,24.992422,0.06616538,0.5714285714285714,0.42857142857142855
254,25.598389,23.976885,1.6215055,0.0,1.0
255,24.442423,24.363247,0.079173766,0.7142857142857143,0.2857142857142857
256,25.394285,24.095842,1.2984403,0.14285714285714285,0.8571428571428571
257,25.471157,25.659534,-0.18837929,0.42857142857142855,0.5714285714285714
258,26.500978,25.041414,1.4595634,0.0,1.0
259,24.701807,23.816914,0.88489044,0.0,1.0
260,25.035275,26.443224,-1.4079524,1.0,0.0
261,24.298346,25.314123,-1.0157782,0.8571428571428571,0.14285714285714285
262,24.605225,22.979786,1.6254406,0.0,1.0
263,25.109293,23.91469,1.1946019,0.0,1.0
264,25.988958,25.19546,0.7935012,0.14285714285714285,0.8571428571428571
265,24.293161,23.370525,0.9226371,0.2857142857142857,0.7142857142857143
266,27.447943,26.996885,0.4510577,0.42857142857142855,0.5714285714285714
267,24.404795,22.952944,1.4518496,0.0,1.0
268,24.313639,24.629778,-0.3161414,0.8571428571428571,0.14285714285714285
269,26.122438,24.790821,1.3316195,0.0,1.0
270,25.239649,25.345747,-0.10609845,0.7142857142857143,0.2857142857142857
271,27.18642,25.640024,1.5463965,0.0,1.0
272,25.008345,24.933798,0.07454436,0.42857142857142855,0.5714285714285714
273,25.992077,24.44688,1.545193,0.0,1.0
274,24.298801,23.472109,0.8266931,0.0,1.0
275,26.460907,25.740093,0.72081405,0.0,1.0
276,25.935547,24.854536,1.0810097,0.0,1.0
277,25.248041,25.086294,0.16174507,0.42857142857142855,0.5714285714285714
278,26.114994,25.698185,0.41680908,0.42857142857142855,0.5714285714285714
279,26.11262,24.589197,1.5234228,0.0,1.0
280,26.3364,25.562862,0.773537,0.0,1.0
281,24.64131,25.843014,-1.2017034,0.8571428571428571,0.14285714285714285
282,25.952494,24.589987,1.3625063,0.0,1.0
283,25.996723,24.957994,1.0387298,0.0,1.0
284,25.887356,25.60364,0.28371593,0.42857142857142855,0.5714285714285714
285,24.584417,25.34662,-0.7622054,0.8571428571428571,0.14285714285714285
286,25.199787,24.317274,0.88251305,0.42857142857142855,0.5714285714285714
287,24.321283,23.903685,0.41759926,0.2857142857142857,0.7142857142857143
288,25.101624,24.64105,0.46057183,0.14285714285714285,0.8571428571428571
289,26.599173,27.19618,-0.59700286,0.7142857142857143,0.2857142857142857
290,25.023443,25.539886,-0.51644164,0.7142857142857143,0.2857142857142857
291,25.629074,23.93568,1.6933962,0.0,1.0
292,27.199581,24.86565,2.3339322,0.0,1.0
293,25.141817,24.704638,0.43717957,0.0,1.0
294,25.6123,23.744923,1.8673769,0.0,1.0
295,26.197664,25.765875,0.43178993,0.14285714285714285,0.8571428571428571
296,26.210667,25.562927,0.6477405,0.14285714285714285,0.8571428571428571
297,26.121859,24.52339,1.598468,0.0,1.0
298,25.125525,24.77902,0.34650585,0.42857142857142855,0.5714285714285714
299,26.159943,24.523409,1.6365337,0.0,1.0
300,26.328737,26.143269,0.1854695,0.2857142857142857,0.7142857142857143
301,26.657743,26.02067,0.63707435,0.2857142857142857,0.7142857142857143
302,24.1293,24.604645,-0.47534615,0.7142857142857143,0.2857142857142857
303,26.451693,24.551851,1.8998394,0.0,1.0
304,25.626497,24.824,0.80249816,0.0,1.0
305,25.568787,25.296576,0.2722108,0.42857142857142855,0.5714285714285714
306,25.739416,25.5009,0.23851559,0.42857142857142855,0.5714285714285714
307,25.261616,24.49737,0.7642449,0.2857142857142857,0.7142857142857143
308,25.48316,24.116789,1.3663722,0.0,1.0
309,24.786083,24.293015,0.49306843,0.42857142857142855,0.5714285714285714
310,25.93988,23.855183,2.0846965,0.0,1.0
311,25.93454,24.864286,1.0702515,0.14285714285714285,0.8571428571428571
312,24.510235,24.075254,0.43497902,0.2857142857142857,0.7142857142857143
313,26.961807,25.92509,1.036719,0.14285714285714285,0.8571428571428571
314,25.17776,25.537027,-0.35926792,0.7142857142857143,0.2857142857142857
315,25.099676,25.403177,-0.30350167,0.5714285714285714,0.42857142857142855
316,27.347448,24.409742,2.937706,0.0,1.0
317,25.72914,24.074202,1.654938,0.0,1.0
318,26.428234,24.683086,1.7451471,0.0,1.0
319,24.802923,23.419352,1.3835738,0.0,1.0
320,24.281322,23.138742,1.1425817,0.14285714285714285,0.8571428571428571
321,24.143335,24.051073,0.09226064,0.5714285714285714,0.42857142857142855
322,26.446772,25.214987,1.2317827,0.0,1.0
323,24.208103,23.821522,0.3865828,0.2857142857142857,0.7142857142857143
324,25.550238,25.724957,-0.17471668,0.5714285714285714,0.42857142857142855
325,25.391342,25.002796,0.38854653,0.42857142857142855,0.5714285714285714
326,24.929834,24.91626,0.013572966,0.42857142857142855,0.5714285714285714
327,25.688034,24.844183,0.8438533,0.0,1.0
328,24.039743,24.548939,-0.5091964,0.8571428571428571,0.14285714285714285
329,26.021097,25.580898,0.4401997,0.2857142857142857,0.7142857142857143
330,24.560406,24.899662,-0.33925655,0.8571428571428571,0.14285714285714285
331,24.600979,25.172682,-0.5717043,0.8571428571428571,0.14285714285714285
332,24.178728,24.392118,-0.21338654,0.7142857142857143,0.2857142857142857
333,26.64296,25.41118,1.2317785,0.14285714285714285,0.8571428571428571
334,24.664576,25.335552,-0.67097473,0.8571428571428571,0.14285714285714285
335,23.204742,22.969252,0.23549244,0.42857142857142855,0.5714285714285714
336,26.024433,24.062775,1.9616591,0.0,1.0
337,24.496775,24.471325,0.025449207,0.2857142857142857,0.7142857142857143
338,25.531507,24.924633,0.606875,0.14285714285714285,0.8571428571428571
339,25.197605,25.22896,-0.03135654,0.42857142857142855,0.5714285714285714
340,26.240673,25.372492,0.86818016,0.0,1.0
341,24.905142,24.550114,0.35502842,0.2857142857142857,0.7142857142857143
342,25.549662,24.395437,1.1542222,0.14285714285714285,0.8571428571428571
343,25.50967,24.562204,0.94746643,0.14285714285714285,0.8571428571428571
344,26.134247,24.65575,1.4784968,0.0,1.0
345,26.228207,26.487806,-0.2596005,0.5714285714285714,0.42857142857142855
346,25.643707,24.14469,1.4990185,0.14285714285714285,0.8571428571428571
347,26.300276,25.431782,0.86849296,0.0,1.0
348,28.266905,25.239426,3.0274808,0.0,1.0
349,25.11952,23.012455,2.1070638,0.0,1.0
350,25.16475,25.492998,-0.32824627,0.7142857142857143,0.2857142857142857
351,25.182297,25.335127,-0.15283012,0.7142857142857143,0.2857142857142857
352,24.038166,22.730087,1.3080784,0.14285714285714285,0.8571428571428571
353,28.065777,26.43619,1.6295885,0.0,1.0
354,24.995817,25.04504,-0.04922349,0.5714285714285714,0.42857142857142855
355,24.753397,23.863201,0.89019555,0.0,1.0
356,25.863464,24.783285,1.0801779,0.14285714285714285,0.8571428571428571
357,26.489012,25.082699,1.4063143,0.0,1.0
358,24.482708,24.014633,0.46807343,0.2857142857142857,0.7142857142857143
359,24.90005,23.82424,1.0758089,0.14285714285714285,0.8571428571428571
360,26.702509,25.289137,1.4133742,0.0,1.0
361,28.232534,24.913107,3.3194268,0.0,1.0
362,25.704426,24.427006,1.2774206,0.0,1.0
363,25.96435,24.950794,1.0135545,0.0,1.0
364,26.152859,23.803257,2.3496,0.0,1.0
365,24.322117,23.09752,1.2245969,0.0,1.0
366,25.469769,24.11353,1.3562357,0.0,1.0
367,23.548223,22.89156,0.65666527,0.42857142857142855,0.5714285714285714
368,23.865475,24.443747,-0.57827324,0.7142857142857143,0.2857142857142857
369,25.030838,24.103605,0.9272322,0.14285714285714285,0.8571428571428571
370,24.710285,25.37946,-0.66917336,0.5714285714285714,0.42857142857142855
371,25.2461,24.233126,1.012974,0.14285714285714285,0.8571428571428571
372,25.601992,24.718622,0.8833689,0.0,1.0
373,26.189184,26.031271,0.15791702,0.2857142857142857,0.7142857142857143
374,24.919676,24.056051,0.8636262,0.2857142857142857,0.7142857142857143
375,25.129572,24.13511,0.9944583,0.14285714285714285,0.8571428571428571
376,24.88532,24.455301,0.43002293,0.2857142857142857,0.7142857142857143
377,23.27384,22.297012,0.9768287,0.14285714285714285,0.8571428571428571
378,25.61951,25.186556,0.43295616,0.2857142857142857,0.7142857142857143
379,25.778715,24.840742,0.9379727,0.0,1.0
380,25.017757,26.018759,-1.0010052,0.8571428571428571,0.14285714285714285
381,25.890871,26.136847,-0.24597795,0.5714285714285714,0.42857142857142855
382,24.837706,23.706018,1.1316893,0.0,1.0
383,25.73613,24.766432,0.969699,0.14285714285714285,0.8571428571428571
384,25.234241,25.236406,-0.0021632058,0.2857142857142857,0.7142857142857143
385,24.286747,24.345598,-0.058851786,0.42857142857142855,0.5714285714285714
386,26.229475,23.8538,2.3756745,0.0,1.0
387,25.31777,25.255268,0.06250191,0.5714285714285714,0.42857142857142855
388,25.385574,24.876104,0.50947106,0.14285714285714285,0.8571428571428571
389,24.707706,24.612867,0.094839096,0.42857142857142855,0.5714285714285714
390,27.30517,24.144941,3.1602285,0.0,1.0
391,25.707554,24.9065,0.8010551,0.42857142857142855,0.5714285714285714
392,25.23641,24.29576,0.9406523,0.0,1.0
393,24.506632,23.69756,0.8090695,0.0,1.0
394,26.134874,24.576864,1.5580103,0.0,1.0
395,25.22632,23.427036,1.7992823,0.0,1.0
396,26.25391,26.369852,-0.11594037,0.5714285714285714,0.42857142857142855
397,26.541103,24.92259,1.6185114,0.0,1.0
398,25.997234,25.850224,0.14701135,0.42857142857142855,0.5714285714285714
399,25.281523,23.908556,1.3729659,0.0,1.0
400,24.135977,23.86064,0.27533668,0.42857142857142855,0.5714285714285714
401,25.972292,25.062944,0.9093451,0.0,1.0
402,24.081549,24.838114,-0.75656235,0.8571428571428571,0.14285714285714285
403,25.364428,25.073317,0.29111344,0.2857142857142857,0.7142857142857143
404,27.835375,24.539291,3.296083,0.0,1.0
405,26.684072,25.189207,1.4948654,0.0,1.0
406,25.351149,24.733828,0.6173207,0.2857142857142857,0.7142857142857143
407,25.50023,24.451141,1.0490922,0.14285714285714285,0.8571428571428571
408,24.837116,24.063248,0.7738691,0.2857142857142857,0.7142857142857143
409,25.23454,24.506948,0.7275895,0.0,1.0
410,25.190472,26.734224,-1.5437533,1.0,0.0
411,25.280218,24.624792,0.65542686,0.14285714285714285,0.8571428571428571
412,25.79114,24.586212,1.2049264,0.14285714285714285,0.8571428571428571
413,25.489622,25.100384,0.38923508,0.2857142857142857,0.7142857142857143
414,27.765255,25.032934,2.7323208,0.0,1.0
415,25.70299,25.948652,-0.24566051,0.5714285714285714,0.42857142857142855
416,25.498102,24.685925,0.81217796,0.0,1.0
417,24.87884,24.408827,0.47001484,0.0,1.0
418,24.920462,24.08309,0.8373715,0.0,1.0
419,24.737015,24.23996,0.49705178,0.14285714285714285,0.8571428571428571
420,25.16767,24.189526,0.9781437,0.14285714285714285,0.8571428571428571
421,25.80686,24.750048,1.0568106,0.0,1.0
422,25.424547,24.291357,1.1331893,0.0,1.0
423,24.860361,25.94185,-1.0814912,0.8571428571428571,0.14285714285714285
424,25.773245,25.419828,0.35341564,0.2857142857142857,0.7142857142857143
425,24.309101,25.416534,-1.1074322,0.8571428571428571,0.14285714285714285
426,23.392565,23.866713,-0.4741486,0.7142857142857143,0.2857142857142857
427,25.14707,24.153688,0.9933804,0.0,1.0
428,24.990921,24.472532,0.5183917,0.14285714285714285,0.8571428571428571
429,24.69109,23.90904,0.7820481,0.2857142857142857,0.7142857142857143
430,24.56805,25.242453,-0.6744047,0.8571428571428571,0.14285714285714285
431,23.852222,22.679188,1.1730357,0.0,1.0
432,25.399395,24.64915,0.75024307,0.14285714285714285,0.8571428571428571
433,24.109081,23.936783,0.1722957,0.5714285714285714,0.42857142857142855
434,25.29388,24.287945,1.0059346,0.0,1.0
435,27.501522,25.302135,2.1993847,0.0,1.0
436,24.266634,24.23707,0.029564176,0.5714285714285714,0.42857142857142855
437,26.380419,25.304523,1.0758978,0.14285714285714285,0.8571428571428571
438,25.775696,25.417925,0.35776928,0.2857142857142857,0.7142857142857143
439,26.460749,25.556293,0.9044549,0.14285714285714285,0.8571428571428571
440,25.12642,27.129827,-2.0034106,1.0,0.0
441,25.693396,24.796597,0.8968007,0.0,1.0
442,25.475195,25.184742,0.2904527,0.14285714285714285,0.8571428571428571
443,25.621822,25.583815,0.03800692,0.5714285714285714,0.42857142857142855
444,26.645445,27.591982,-0.9465365,1.0,0.0
445,26.28105,25.733456,0.5475916,0.14285714285714285,0.8571428571428571
446,25.897795,24.83666,1.0611343,0.0,1.0
447,24.448584,25.662567,-1.2139825,0.8571428571428571,0.14285714285714285
448,25.283422,23.671568,1.611854,0.0,1.0
449,25.50205,24.9514,0.5506505,0.2857142857142857,0.7142857142857143
450,25.603357,26.28416,-0.68080574,0.8571428571428571,0.14285714285714285
451,25.914606,24.180376,1.734232,0.0,1.0
452,25.786,24.29366,1.4923414,0.0,1.0
453,24.341822,24.487091,-0.14527021,0.7142857142857143,0.2857142857142857
454,25.815462,25.613207,0.20225443,0.2857142857142857,0.7142857142857143
455,24.301062,24.05713,0.24393,0.42857142857142855,0.5714285714285714
456,27.581852,25.5983,1.9835513,0.0,1.0
457,25.824986,24.586061,1.2389281,0.0,1.0
458,27.285025,23.555933,3.7290957,0.0,1.0
459,23.994768,24.379293,-0.38452557,0.8571428571428571,0.14285714285714285
460,25.44379,25.507877,-0.06408637,0.2857142857142857,0.7142857142857143
461,24.555431,24.514757,0.04067176,0.5714285714285714,0.42857142857142855
462,23.951742,23.751602,0.20014,0.42857142857142855,0.5714285714285714
463,25.33977,24.115114,1.2246538,0.14285714285714285,0.8571428571428571
464,23.84622,23.085573,0.7606449,0.2857142857142857,0.7142857142857143
465,26.30502,24.923565,1.3814542,0.0,1.0
466,25.86121,24.437681,1.4235325,0.0,1.0
467,25.198141,24.729244,0.46889767,0.0,1.0
468,26.3632,25.3478,1.0154002,0.0,1.0
469,26.703627,25.473202,1.2304257,0.14285714285714285,0.8571428571428571
470,24.882359,26.050287,-1.1679262,0.8571428571428571,0.14285714285714285
471,25.346294,25.284336,0.06195477,0.42857142857142855,0.5714285714285714
472,24.822361,26.273495,-1.451128,0.8571428571428571,0.14285714285714285
473,25.346766,23.758963,1.5878004,0.0,1.0
474,25.201773,26.04401,-0.8422372,0.8571428571428571,0.14285714285714285
475,26.36907,24.477045,1.892025,0.0,1.0
476,25.015476,24.114597,0.90087944,0.14285714285714285,0.8571428571428571
477,26.458025,26.187984,0.27004188,0.5714285714285714,0.42857142857142855
478,25.741674,24.558426,1.1832479,0.0,1.0
479,27.33424,24.125088,3.2091537,0.0,1.0
480,26.146057,24.766253,1.3798052,0.0,1.0
481,25.331417,24.85614,0.47527775,0.5714285714285714,0.42857142857142855
482,26.221943,25.550493,0.6714486,0.0,1.0
483,25.533125,24.731382,0.8017453,0.14285714285714285,0.8571428571428571
484,26.216925,25.753223,0.46370506,0.42857142857142855,0.5714285714285714
485,24.899164,25.042528,-0.14336613,0.2857142857142857,0.7142857142857143
486,24.018658,23.39825,0.620409,0.2857142857142857,0.7142857142857143
487,25.801508,25.30267,0.49883652,0.2857142857142857,0.7142857142857143
488,25.625288,24.491848,1.1334413,0.14285714285714285,0.8571428571428571
489,25.26853,28.013247,-2.7447143,1.0,0.0
490,23.955795,23.543234,0.41255924,0.42857142857142855,0.5714285714285714
491,23.795395,23.713375,0.08202117,0.5714285714285714,0.42857142857142855
492,26.546627,24.21512,2.3315072,0.0,1.0
493,24.65376,25.024633,-0.37087223,0.7142857142857143,0.2857142857142857
494,24.734919,24.340307,0.39461026,0.2857142857142857,0.7142857142857143
495,24.902613,24.27305,0.6295624,0.2857142857142857,0.7142857142857143
496,26.162996,24.62691,1.536087,0.0,1.0
497,26.268976,24.988005,1.2809709,0.14285714285714285,0.8571428571428571
498,26.140568,24.878222,1.2623479,0.0,1.0
499,27.40146,25.073421,2.3280423,0.0,1.0
500,25.113846,23.35054,1.763304,0.0,1.0
501,24.3575,23.83508,0.5224209,0.14285714285714285,0.8571428571428571
502,25.404709,24.468563,0.9361463,0.14285714285714285,0.8571428571428571
503,24.355692,23.31096,1.0447254,0.0,1.0
504,25.856201,25.119461,0.7367396,0.14285714285714285,0.8571428571428571
505,25.003355,24.706717,0.2966374,0.42857142857142855,0.5714285714285714
506,25.38609,24.35614,1.029946,0.14285714285714285,0.8571428571428571
507,24.909132,24.27097,0.6381637,0.2857142857142857,0.7142857142857143
508,25.718113,24.587133,1.1309785,0.2857142857142857,0.7142857142857143
509,26.318563,26.971945,-0.65338296,0.7142857142857143,0.2857142857142857
510,24.615093,23.503101,1.1119919,0.0,1.0
511,27.15695,25.51409,1.642864,0.0,1.0
512,26.45476,25.20864,1.2461169,0.0,1.0
513,25.320608,23.85883,1.4617767,0.0,1.0
514,24.176044,23.534353,0.6416893,0.14285714285714285,0.8571428571428571
515,25.9457,25.513792,0.43190983,0.2857142857142857,0.7142857142857143
516,25.08684,23.693533,1.3933035,0.14285714285714285,0.8571428571428571
517,25.623367,25.074507,0.54886085,0.14285714285714285,0.8571428571428571
518,25.894222,24.068064,1.8261583,0.0,1.0
519,27.247082,26.189632,1.0574458,0.0,1.0
520,26.384325,25.677656,0.7066713,0.2857142857142857,0.7142857142857143
521,26.591766,24.08186,2.5099049,0.0,1.0
522,26.863949,26.915073,-0.051123757,0.5714285714285714,0.42857142857142855
523,25.27354,25.272476,0.0010634831,0.5714285714285714,0.42857142857142855
524,25.747969,24.370195,1.3777741,0.0,1.0
525,26.623615,26.067965,0.55564934,0.2857142857142857,0.7142857142857143
526,26.19855,23.723429,2.4751198,0.0,1.0
527,25.385706,24.997076,0.3886272,0.14285714285714285,0.8571428571428571
528,25.086231,23.32977,1.7564629,0.0,1.0
529,28.20083,26.336458,1.8643706,0.0,1.0
530,28.318848,24.974697,3.3441484,0.0,1.0
531,25.726048,25.472046,0.25400326,0.14285714285714285,0.8571428571428571
532,25.697943,24.17024,1.5277072,0.0,1.0
533,25.222805,25.503195,-0.28038868,0.7142857142857143,0.2857142857142857
534,25.452173,26.010633,-0.55846184,0.5714285714285714,0.42857142857142855
535,25.540438,24.962084,0.5783544,0.2857142857142857,0.7142857142857143
536,24.506634,24.44508,0.061552864,0.5714285714285714,0.42857142857142855
537,24.204021,23.22232,0.9817012,0.0,1.0
538,26.11434,25.210842,0.9035007,0.0,1.0
539,25.273651,24.486332,0.787317,0.2857142857142857,0.7142857142857143
540,26.08956,24.288431,1.8011309,0.0,1.0
541,26.882273,25.013506,1.8687662,0.0,1.0
542,25.051622,24.643452,0.4081718,0.5714285714285714,0.42857142857142855
543,25.437801,23.553822,1.8839781,0.0,1.0
544,24.648422,24.192228,0.45619228,0.2857142857142857,0.7142857142857143
545,24.536173,23.087528,1.4486402,0.0,1.0
546,23.903437,24.49465,-0.59121186,0.8571428571428571,0.14285714285714285
547,26.045752,23.885473,2.160281,0.0,1.0
548,24.72507,25.08666,-0.3615878,0.7142857142857143,0.2857142857142857
549,26.07099,25.383724,0.68726975,0.2857142857142857,0.7142857142857143
550,26.336218,25.535963,0.8002567,0.14285714285714285,0.8571428571428571
551,25.605396,24.271759,1.3336366,0.14285714285714285,0.8571428571428571
552,25.16956,23.95024,1.2193209,0.0,1.0
553,25.426504,26.49448,-1.0679766,0.8571428571428571,0.14285714285714285
554,24.744978,23.807583,0.93739754,0.0,1.0
555,25.52434,24.80488,0.71945924,0.14285714285714285,0.8571428571428571
556,24.944136,25.093124,-0.14898764,0.2857142857142857,0.7142857142857143
557,23.577158,22.890255,0.6869046,0.2857142857142857,0.7142857142857143
558,26.306713,24.847609,1.4591045,0.0,1.0
559,24.257494,25.403925,-1.1464278,0.8571428571428571,0.14285714285714285
560,23.699541,23.34523,0.35431343,0.42857142857142855,0.5714285714285714
561,25.5628,25.37441,0.18838501,0.2857142857142857,0.7142857142857143
562,24.18686,22.94322,1.2436384,0.0,1.0
563,25.098452,24.250095,0.8483557,0.0,1.0
564,24.262447,23.773905,0.4885431,0.14285714285714285,0.8571428571428571
565,26.013983,24.124517,1.8894643,0.0,1.0
566,24.764418,23.59711,1.1673023,0.0,1.0
567,24.915972,23.908915,1.0070585,0.14285714285714285,0.8571428571428571
568,26.806192,26.705275,0.10091727,0.5714285714285714,0.42857142857142855
569,25.641674,25.789974,-0.1482999,0.5714285714285714,0.42857142857142855
570,24.580547,23.803003,0.7775454,0.14285714285714285,0.8571428571428571
571,25.087109,24.062101,1.0250067,0.0,1.0
572,26.231657,24.980478,1.2511781,0.0,1.0
573,25.714031,25.171553,0.5424775,0.0,1.0
574,23.512766,24.052464,-0.539699,0.7142857142857143,0.2857142857142857
575,26.357977,24.77475,1.5832299,0.0,1.0
576,26.03978,25.060019,0.97976166,0.2857142857142857,0.7142857142857143
577,27.436293,25.787725,1.6485659,0.0,1.0
578,24.842297,25.773258,-0.9309611,0.7142857142857143,0.2857142857142857
579,25.212664,25.43678,-0.22411537,0.5714285714285714,0.42857142857142855
580,24.84295,23.877157,0.9657936,0.0,1.0
581,24.353237,23.514606,0.83862984,0.14285714285714285,0.8571428571428571
582,27.39528,25.467566,1.9277136,0.0,1.0
583,25.972528,24.975574,0.9969526,0.0,1.0
584,26.67831,25.17998,1.4983336,0.14285714285714285,0.8571428571428571
585,25.601028,23.808136,1.79289,0.0,1.0
586,26.728872,25.575384,1.1534879,0.0,1.0
587,25.294407,25.359396,-0.06499018,0.42857142857142855,0.5714285714285714
588,25.243298,24.786493,0.45680538,0.2857142857142857,0.7142857142857143
589,24.601904,24.321318,0.28058788,0.2857142857142857,0.7142857142857143
590,24.167439,24.60063,-0.4331902,0.7142857142857143,0.2857142857142857
591,24.910807,24.804327,0.106476106,0.5714285714285714,0.42857142857142855
592,25.038036,24.165401,0.8726338,0.14285714285714285,0.8571428571428571
593,24.94624,24.630335,0.31590408,0.14285714285714285,0.8571428571428571
594,24.000809,22.784674,1.2161323,0.0,1.0
595,23.777613,24.03126,-0.25364685,0.7142857142857143,0.2857142857142857
596,24.343647,24.648487,-0.304839,0.8571428571428571,0.14285714285714285
597,26.29289,27.120792,-0.82790405,0.8571428571428571,0.14285714285714285
598,25.24934,24.202229,1.0471107,0.14285714285714285,0.8571428571428571
599,27.178038,24.149218,3.0288196,0.0,1.0
600,27.97469,24.387634,3.587059,0.0,1.0
601,26.65695,25.800137,0.8568145,0.2857142857142857,0.7142857142857143
602,26.234669,25.055939,1.17873,0.14285714285714285,0.8571428571428571
603,25.183828,25.577929,-0.3941021,0.5714285714285714,0.42857142857142855
604,25.822859,26.029053,-0.20619528,0.5714285714285714,0.42857142857142855
605,24.149595,24.151087,-0.0014926365,0.42857142857142855,0.5714285714285714
606,25.241032,24.829426,0.41160473,0.2857142857142857,0.7142857142857143
607,25.710567,25.618921,0.09164892,0.2857142857142857,0.7142857142857143
608,24.576715,23.680546,0.8961688,0.2857142857142857,0.7142857142857143
609,25.855087,28.742687,-2.887598,1.0,0.0
610,25.054745,24.424322,0.63042206,0.0,1.0
611,25.69849,27.124735,-1.4262422,1.0,0.0
612,25.69577,24.155375,1.5403955,0.0,1.0
613,28.099796,25.340658,2.759137,0.0,1.0
614,26.173218,25.47913,0.6940899,0.42857142857142855,0.5714285714285714
615,25.734344,25.72134,0.013001578,0.2857142857142857,0.7142857142857143
616,24.983202,23.692282,1.2909184,0.0,1.0
617,27.573757,25.14614,2.4276168,0.0,1.0
618,24.730412,24.131037,0.59937775,0.14285714285714285,0.8571428571428571
619,25.663004,27.1683,-1.5052986,1.0,0.0
620,25.14713,23.622122,1.5250092,0.0,1.0
621,25.850786,25.610765,0.24002293,0.2857142857142857,0.7142857142857143
622,24.898874,25.37802,-0.4791456,0.5714285714285714,0.42857142857142855
623,24.907015,24.56314,0.3438718,0.2857142857142857,0.7142857142857143
624,25.839476,24.600214,1.2392633,0.0,1.0
625,25.287443,24.57687,0.7105754,0.14285714285714285,0.8571428571428571
626,25.367788,26.242804,-0.87501717,1.0,0.0
627,25.868902,26.886623,-1.0177176,0.8571428571428571,0.14285714285714285
628,27.543354,24.906267,2.6370885,0.0,1.0
629,25.555998,24.60803,0.9479686,0.2857142857142857,0.7142857142857143
630,24.779867,25.002949,-0.22307995,0.5714285714285714,0.42857142857142855
631,25.238054,25.138762,0.09929548,0.5714285714285714,0.42857142857142855
632,25.490137,25.13133,0.35880825,0.2857142857142857,0.7142857142857143
633,26.492222,25.289791,1.2024332,0.0,1.0
634,25.082197,23.951517,1.1306798,0.14285714285714285,0.8571428571428571
635,26.63019,25.825739,0.80445373,0.14285714285714285,0.8571428571428571
636,23.79099,23.613081,0.17791449,0.42857142857142855,0.5714285714285714
637,25.229532,25.043318,0.18621717,0.2857142857142857,0.7142857142857143
638,26.043873,25.399977,0.6438964,0.14285714285714285,0.8571428571428571
639,25.27118,25.6533,-0.38211796,1.0,0.0
640,22.909147,23.208607,-0.29945675,0.7142857142857143,0.2857142857142857
641,26.122301,23.986645,2.1356583,0.0,1.0
642,25.3621,23.754612,1.6074867,0.0,1.0
643,26.165573,24.949839,1.2157345,0.0,1.0
644,24.538897,23.543371,0.9955229,0.0,1.0
645,25.528887,25.043394,0.48549435,0.2857142857142857,0.7142857142857143
646,26.145395,23.277134,2.8682592,0.0,1.0
647,24.948124,24.262545,0.6855804,0.14285714285714285,0.8571428571428571
648,27.904104,25.571161,2.3329473,0.0,1.0
649,27.43863,24.524847,2.9137807,0.0,1.0
650,25.201458,24.968546,0.23291261,0.5714285714285714,0.42857142857142855
651,27.31183,25.072285,2.2395458,0.0,1.0
652,25.356586,24.840008,0.5165792,0.42857142857142855,0.5714285714285714
653,25.133856,23.9689,1.1649584,0.0,1.0
654,25.892561,26.241388,-0.348829,0.7142857142857143,0.2857142857142857
655,24.378605,25.158567,-0.77996063,0.8571428571428571,0.14285714285714285
656,25.600935,25.1341,0.46683392,0.2857142857142857,0.7142857142857143
657,24.751102,24.914717,-0.16361454,0.42857142857142855,0.5714285714285714
658,26.222586,24.394331,1.8282579,0.0,1.0
659,25.361551,23.716965,1.6445844,0.0,1.0
660,25.22984,24.473097,0.756743,0.0,1.0
661,25.343622,25.150347,0.193276,0.42857142857142855,0.5714285714285714
662,23.947891,24.785202,-0.8373097,1.0,0.0
663,26.567469,24.527662,2.0398068,0.0,1.0
664,25.826372,24.64987,1.176505,0.0,1.0
665,25.097624,26.266026,-1.1684042,0.8571428571428571,0.14285714285714285
666,26.651901,25.713072,0.9388275,0.0,1.0
667,25.747818,25.155293,0.5925244,0.2857142857142857,0.7142857142857143
668,25.4662,23.373796,2.092403,0.0,1.0
669,26.017086,26.928684,-0.9116012,0.7142857142857143,0.2857142857142857
670,26.715338,25.32832,1.3870199,0.0,1.0
671,24.855698,25.148664,-0.29296738,0.7142857142857143,0.2857142857142857
672,24.945059,23.573109,1.3719515,0.0,1.0
673,25.444187,24.802877,0.6413089,0.2857142857142857,0.7142857142857143
674,26.813086,25.16689,1.6461961,0.0,1.0
675,25.542688,25.836664,-0.29397693,0.5714285714285714,0.42857142857142855
676,26.538641,24.975796,1.5628455,0.0,1.0
677,25.575937,24.960629,0.6153077,0.2857142857142857,0.7142857142857143
678,26.230942,24.9991,1.231841,0.2857142857142857,0.7142857142857143
679,25.216906,25.91443,-0.6975283,1.0,0.0
680,26.236712,23.774963,2.4617498,0.0,1.0
681,24.970657,25.367428,-0.39677048,0.7142857142857143,0.2857142857142857
682,26.640146,26.05739,0.58275497,0.42857142857142855,0.5714285714285714
683,25.26797,24.21058,1.0573883,0.14285714285714285,0.8571428571428571
684,27.816992,24.464582,3.3524106,0.0,1.0
685,24.695744,24.861286,-0.16554342,0.7142857142857143,0.2857142857142857
686,27.200163,26.052216,1.1479473,0.0,1.0
687,26.873714,25.86562,1.0080937,0.14285714285714285,0.8571428571428571
688,26.860931,25.03572,1.8252125,0.0,1.0
689,26.200903,26.167248,0.033656802,0.42857142857142855,0.5714285714285714
690,24.694897,25.235813,-0.5409151,1.0,0.0
691,26.597525,25.325296,1.2722282,0.0,1.0
692,27.144716,25.325243,1.8194733,0.0,1.0
693,25.171707,24.388079,0.7836252,0.14285714285714285,0.8571428571428571
694,25.429733,25.572641,-0.14290836,0.5714285714285714,0.42857142857142855
695,25.422512,23.756985,1.6655276,0.0,1.0
696,24.859621,24.14078,0.7188429,0.0,1.0
697,24.382843,23.154888,1.2279568,0.0,1.0
698,24.43606,24.530436,-0.09437915,0.42857142857142855,0.5714285714285714
699,25.311628,25.024164,0.28746524,0.42857142857142855,0.5714285714285714
700,25.81496,24.41615,1.3988146,0.0,1.0
701,26.025837,25.545734,0.48010445,0.2857142857142857,0.7142857142857143
702,25.197206,24.166094,1.0311152,0.0,1.0
703,26.18258,24.720968,1.4616127,0.0,1.0
704,25.554907,24.550978,1.0039289,0.0,1.0
705,24.748058,24.490976,0.25707763,0.2857142857142857,0.7142857142857143
706,25.252089,24.734205,0.51788384,0.2857142857142857,0.7142857142857143
707,25.991194,25.147299,0.8438958,0.0,1.0
708,24.738665,23.617208,1.1214572,0.0,1.0
709,25.516005,25.442972,0.07303429,0.42857142857142855,0.5714285714285714
710,25.7627,25.678333,0.08436612,0.2857142857142857,0.7142857142857143
711,24.69324,23.568426,1.1248133,0.0,1.0
712,25.691168,24.073217,1.617951,0.0,1.0
713,24.865047,25.341946,-0.476899,0.7142857142857143,0.2857142857142857
714,26.78038,26.164755,0.6156243,0.42857142857142855,0.5714285714285714
715,26.302492,24.347326,1.9551684,0.0,1.0
716,26.331806,25.965954,0.3658529,0.42857142857142855,0.5714285714285714
717,25.622126,25.142252,0.47987393,0.14285714285714285,0.8571428571428571
718,26.098007,24.362432,1.7355715,0.14285714285714285,0.8571428571428571
719,25.264372,25.02078,0.24359295,0.5714285714285714,0.42857142857142855
720,25.173733,24.797483,0.37625176,0.14285714285714285,0.8571428571428571
721,24.069607,23.390383,0.6792213,0.14285714285714285,0.8571428571428571
722,26.370037,25.14125,1.2287854,0.14285714285714285,0.8571428571428571
723,25.31718,24.183468,1.1337136,0.14285714285714285,0.8571428571428571
724,24.893356,24.485521,0.40783283,0.2857142857142857,0.7142857142857143
725,25.639212,25.431995,0.2072138,0.42857142857142855,0.5714285714285714
726,25.012617,25.087942,-0.07532256,0.5714285714285714,0.42857142857142855
727,25.593885,26.000044,-0.40615708,0.7142857142857143,0.2857142857142857
728,23.55894,23.195148,0.36378998,0.2857142857142857,0.7142857142857143
729,25.701292,26.05853,-0.35723576,0.7142857142857143,0.2857142857142857
730,24.781118,23.77539,1.0057297,0.0,1.0
731,25.80283,24.59592,1.2069094,0.14285714285714285,0.8571428571428571
732,25.424164,24.302227,1.1219368,0.0,1.0
733,25.98732,25.890705,0.09661538,0.42857142857142855,0.5714285714285714
734,24.603775,25.358234,-0.754458,0.8571428571428571,0.14285714285714285
735,25.414469,24.736227,0.67824227,0.14285714285714285,0.8571428571428571
736,25.145367,24.247723,0.8976449,0.0,1.0
737,24.402813,25.324436,-0.92162186,0.8571428571428571,0.14285714285714285
738,26.749151,25.46925,1.2799021,0.14285714285714285,0.8571428571428571
739,26.223753,26.244202,-0.020446777,0.7142857142857143,0.2857142857142857
740,26.139805,24.869673,1.2701321,0.14285714285714285,0.8571428571428571
741,25.991901,24.97717,1.0147266,0.0,1.0
742,24.930529,25.077837,-0.14731108,0.42857142857142855,0.5714285714285714
743,25.879873,25.17912,0.7007569,0.0,1.0
744,25.84692,25.773176,0.073746815,0.42857142857142855,0.5714285714285714
745,24.57871,22.669153,1.909559,0.0,1.0
746,25.038397,23.83324,1.2051569,0.14285714285714285,0.8571428571428571
747,25.731188,25.345581,0.38560787,0.2857142857142857,0.7142857142857143
748,24.787783,24.60085,0.18693487,0.2857142857142857,0.7142857142857143
749,26.036543,23.868395,2.1681488,0.0,1.0
750,23.757175,23.52702,0.2301565,0.5714285714285714,0.42857142857142855
751,24.578745,25.085602,-0.5068569,0.8571428571428571,0.14285714285714285
752,26.771776,23.64832,3.1234558,0.0,1.0
753,25.189285,24.247599,0.941688,0.2857142857142857,0.7142857142857143
754,24.900412,24.63439,0.26602173,0.2857142857142857,0.7142857142857143
755,26.761427,24.766993,1.9944327,0.0,1.0
756,27.03894,25.383505,1.6554339,0.14285714285714285,0.8571428571428571
757,23.65734,23.309988,0.34734917,0.42857142857142855,0.5714285714285714
758,26.409266,23.146845,3.26242,0.0,1.0
759,24.73076,24.27982,0.45093864,0.42857142857142855,0.5714285714285714
760,25.87053,24.994663,0.87586594,0.0,1.0
761,25.590494,22.944443,2.6460497,0.0,1.0
762,27.04587,25.98622,1.0596517,0.14285714285714285,0.8571428571428571
763,26.947119,25.266459,1.6806619,0.0,1.0
764,25.3752,24.531,0.84419906,0.14285714285714285,0.8571428571428571
765,27.059875,25.988495,1.0713795,0.0,1.0
766,25.230822,26.151611,-0.9207875,0.8571428571428571,0.14285714285714285
767,23.523743,23.988125,-0.46438462,0.7142857142857143,0.2857142857142857
768,27.06705,25.164324,1.9027284,0.0,1.0
769,28.161997,26.006073,2.155922,0.0,1.0
770,24.61806,25.068823,-0.4507645,0.5714285714285714,0.42857142857142855
771,27.672134,24.730558,2.9415762,0.0,1.0
772,24.88067,24.670515,0.21015358,0.5714285714285714,0.42857142857142855
773,26.053911,24.873821,1.1800929,0.0,1.0
774,24.741272,23.98435,0.75692177,0.14285714285714285,0.8571428571428571
775,25.238482,25.322495,-0.08401271,0.42857142857142855,0.5714285714285714
776,25.504154,24.75025,0.75390244,0.14285714285714285,0.8571428571428571
777,26.776308,25.396349,1.3799566,0.0,1.0
778,24.989101,24.581568,0.4075372,0.2857142857142857,0.7142857142857143
779,25.408295,24.385708,1.0225881,0.0,1.0
780,25.412764,24.461546,0.95121926,0.14285714285714285,0.8571428571428571
781,24.860714,24.239775,0.62093955,0.2857142857142857,0.7142857142857143
782,26.54306,26.650648,-0.107588634,0.42857142857142855,0.5714285714285714
783,25.021166,26.086899,-1.0657332,1.0,0.0
784,25.565248,26.102795,-0.53754586,0.42857142857142855,0.5714285714285714
785,30.317493,24.823425,5.4940696,0.0,1.0
786,23.817032,23.20192,0.615112,0.14285714285714285,0.8571428571428571
787,25.68066,25.864046,-0.18338776,0.7142857142857143,0.2857142857142857
788,25.229275,24.041468,1.1878058,0.0,1.0
789,24.2321,24.033915,0.19818714,0.42857142857142855,0.5714285714285714
790,26.054798,26.21189,-0.15708733,0.5714285714285714,0.42857142857142855
791,24.467743,23.410242,1.0575025,0.14285714285714285,0.8571428571428571
792,26.75416,23.10397,3.6501923,0.0,1.0
793,25.979296,24.361874,1.6174229,0.0,1.0
794,25.079008,24.134478,0.94453186,0.0,1.0
795,26.027456,23.827559,2.1998982,0.0,1.0
796,26.306591,26.162685,0.14390972,0.5714285714285714,0.42857142857142855
797,26.611471,24.691366,1.9201082,0.0,1.0
798,26.302809,24.638554,1.6642532,0.0,1.0
799,27.14298,25.106546,2.0364344,0.0,1.0
800,26.850355,25.113544,1.7368113,0.0,1.0
801,24.649017,23.942888,0.7061294,0.14285714285714285,0.8571428571428571
802,24.42417,24.64985,-0.22567995,0.5714285714285714,0.42857142857142855
803,24.99753,23.546612,1.450919,0.0,1.0
804,24.424961,23.954784,0.47017807,0.14285714285714285,0.8571428571428571
805,26.179323,25.071487,1.1078368,0.0,1.0
806,24.8798,24.788563,0.09123666,0.2857142857142857,0.7142857142857143
807,24.12836,23.328459,0.7999036,0.0,1.0
808,26.092539,24.354666,1.7378733,0.0,1.0
809,25.370039,25.117891,0.25214848,0.42857142857142855,0.5714285714285714
810,25.598764,25.64079,-0.04202761,0.5714285714285714,0.42857142857142855
811,25.238695,25.237347,0.0013490404,0.5714285714285714,0.42857142857142855
812,25.475399,25.441021,0.034377508,0.2857142857142857,0.7142857142857143
813,24.865566,24.758108,0.10745703,0.5714285714285714,0.42857142857142855
814,24.552944,23.945965,0.60698074,0.2857142857142857,0.7142857142857143
815,27.413282,24.541895,2.8713908,0.0,1.0
816,25.466875,25.153913,0.31296486,0.42857142857142855,0.5714285714285714
817,25.340994,23.80408,1.5369161,0.0,1.0
818,25.036213,24.004574,1.0316404,0.0,1.0
819,25.497814,25.192156,0.30565563,0.42857142857142855,0.5714285714285714
820,25.810513,24.88246,0.92805153,0.0,1.0
821,25.100218,25.992048,-0.89182854,0.8571428571428571,0.14285714285714285
822,25.57675,23.797918,1.7788309,0.0,1.0
823,25.036686,24.138287,0.89839965,0.14285714285714285,0.8571428571428571
824,26.054943,25.657139,0.39780316,0.14285714285714285,0.8571428571428571
825,24.683119,24.882309,-0.19919069,0.7142857142857143,0.2857142857142857
826,24.916351,24.953772,-0.03742327,0.42857142857142855,0.5714285714285714
827,25.322592,25.22172,0.100875035,0.5714285714285714,0.42857142857142855
828,26.170902,24.860834,1.3100665,0.0,1.0
829,25.892427,25.063587,0.8288416,0.2857142857142857,0.7142857142857143
830,24.291216,24.586782,-0.2955663,0.5714285714285714,0.42857142857142855
831,24.566038,25.362476,-0.7964401,0.7142857142857143,0.2857142857142857
832,24.53465,25.212305,-0.6776562,0.8571428571428571,0.14285714285714285
833,24.717314,24.967459,-0.25014606,0.42857142857142855,0.5714285714285714
834,26.026386,24.823935,1.2024498,0.0,1.0
835,25.544064,23.917074,1.6269885,0.0,1.0
836,26.694504,25.970537,0.7239652,0.14285714285714285,0.8571428571428571
837,25.74225,23.93997,1.8022804,0.0,1.0
838,25.558386,25.311138,0.24724905,0.5714285714285714,0.42857142857142855
839,25.158632,24.240963,0.9176712,0.2857142857142857,0.7142857142857143
840,25.718401,24.866236,0.8521666,0.14285714285714285,0.8571428571428571
841,25.01497,25.044722,-0.02975137,0.5714285714285714,0.42857142857142855
842,24.275652,24.900417,-0.6247657,0.8571428571428571,0.14285714285714285
843,24.784182,24.528933,0.25525257,0.2857142857142857,0.7142857142857143
844,25.356726,24.256882,1.0998446,0.0,1.0
845,25.447323,24.506199,0.94112015,0.2857142857142857,0.7142857142857143
846,24.763416,25.078976,-0.3155594,0.5714285714285714,0.42857142857142855
847,23.979473,24.292362,-0.312888,0.8571428571428571,0.14285714285714285
848,27.95419,24.30884,3.645349,0.0,1.0
849,26.275019,25.34578,0.9292401,0.0,1.0
850,24.202974,25.1925,-0.98952323,0.7142857142857143,0.2857142857142857
851,24.62168,23.757113,0.8645679,0.0,1.0
852,24.2568,24.831476,-0.5746762,0.7142857142857143,0.2857142857142857
853,26.943491,24.912802,2.0306888,0.0,1.0
854,23.917217,23.593855,0.32336155,0.42857142857142855,0.5714285714285714
855,24.967953,25.075151,-0.10719926,0.5714285714285714,0.42857142857142855
856,25.680948,24.211325,1.4696233,0.0,1.0
857,25.161758,24.080206,1.0815527,0.0,1.0
858,25.208876,24.67793,0.5309432,0.14285714285714285,0.8571428571428571
859,25.000706,24.696667,0.30404145,0.42857142857142855,0.5714285714285714
860,25.683191,25.621292,0.061896734,0.42857142857142855,0.5714285714285714
861,25.459904,25.440958,0.018945422,0.7142857142857143,0.2857142857142857
862,25.449453,25.252699,0.19675446,0.42857142857142855,0.5714285714285714
863,25.60022,26.486689,-0.88646454,0.8571428571428571,0.14285714285714285
864,24.76097,24.603395,0.15757206,0.2857142857142857,0.7142857142857143
865,24.730207,24.688452,0.04175186,0.5714285714285714,0.42857142857142855
866,24.620417,24.793497,-0.1730799,0.5714285714285714,0.42857142857142855
867,23.841887,24.497507,-0.655623,0.8571428571428571,0.14285714285714285
868,26.25468,26.1525,0.10217966,0.42857142857142855,0.5714285714285714
869,24.111149,23.518341,0.59280807,0.2857142857142857,0.7142857142857143
870,24.63377,24.250721,0.3830463,0.14285714285714285,0.8571428571428571
871,26.102016,25.12851,0.9735026,0.2857142857142857,0.7142857142857143
872,24.373152,23.72577,0.6473808,0.0,1.0
873,25.14249,24.624294,0.5181975,0.14285714285714285,0.8571428571428571
874,25.161566,25.586628,-0.42506108,0.7142857142857143,0.2857142857142857
875,25.47348,26.814377,-1.3408949,1.0,0.0
876,25.737656,24.938007,0.7996472,0.14285714285714285,0.8571428571428571
877,26.80837,26.93262,-0.12424742,0.5714285714285714,0.42857142857142855
878,25.45687,25.332067,0.12480218,0.42857142857142855,0.5714285714285714
879,24.618042,23.958704,0.6593413,0.14285714285714285,0.8571428571428571
880,25.18306,26.063242,-0.88018066,0.8571428571428571,0.14285714285714285
881,26.040293,25.409227,0.6310643,0.2857142857142857,0.7142857142857143
882,25.070759,24.863478,0.20728084,0.5714285714285714,0.42857142857142855
883,24.93919,25.383257,-0.44406864,0.5714285714285714,0.42857142857142855
884,25.613962,25.473528,0.14043535,0.2857142857142857,0.7142857142857143
885,27.130163,26.027035,1.103132,0.2857142857142857,0.7142857142857143
886,24.74776,22.691402,2.05636,0.0,1.0
887,25.660368,24.443548,1.2168192,0.14285714285714285,0.8571428571428571
888,25.069078,25.009226,0.05985369,0.2857142857142857,0.7142857142857143
889,25.456614,24.355963,1.1006483,0.14285714285714285,0.8571428571428571
890,26.452656,25.099533,1.3531255,0.14285714285714285,0.8571428571428571
891,26.91849,25.291727,1.6267645,0.14285714285714285,0.8571428571428571
892,24.477476,23.08888,1.3885972,0.0,1.0
893,24.976746,25.398405,-0.42166,0.7142857142857143,0.2857142857142857
894,25.277151,25.386415,-0.10926274,0.42857142857142855,0.5714285714285714
895,25.813406,24.818592,0.9948136,0.14285714285714285,0.8571428571428571
896,25.230936,27.394566,-2.1636271,1.0,0.0
897,24.346228,24.07021,0.27601895,0.2857142857142857,0.7142857142857143
898,25.668734,25.448696,0.22003882,0.2857142857142857,0.7142857142857143
899,25.206682,24.042887,1.1637946,0.2857142857142857,0.7142857142857143
900,26.429184,26.162855,0.26632962,0.42857142857142855,0.5714285714285714
901,24.025618,21.81965,2.2059681,0.0,1.0
902,23.855764,22.948717,0.9070497,0.2857142857142857,0.7142857142857143
903,25.563793,25.328924,0.23486874,0.14285714285714285,0.8571428571428571
904,26.294409,24.551102,1.7433063,0.0,1.0
905,25.069983,25.593683,-0.5236972,0.8571428571428571,0.14285714285714285
906,26.173815,24.22188,1.951935,0.14285714285714285,0.8571428571428571
907,25.64266,26.096472,-0.45381054,0.7142857142857143,0.2857142857142857
908,26.805805,25.443697,1.3621114,0.0,1.0
909,23.582659,23.298876,0.2837816,0.42857142857142855,0.5714285714285714
910,25.675508,24.39557,1.2799388,0.14285714285714285,0.8571428571428571
911,24.467077,24.939959,-0.47287887,0.5714285714285714,0.42857142857142855
912,26.113628,24.09589,2.0177343,0.0,1.0
913,33.024757,25.566528,7.458229,0.0,1.0
914,25.200094,25.00594,0.19415338,0.2857142857142857,0.7142857142857143
915,24.19779,24.145563,0.052229743,0.2857142857142857,0.7142857142857143
916,25.2514,25.275827,-0.024427686,0.42857142857142855,0.5714285714285714
917,25.56029,24.58319,0.97709954,0.0,1.0
918,26.960009,25.564041,1.3959677,0.0,1.0
919,24.365065,23.876898,0.488166,0.14285714285714285,0.8571428571428571
920,26.048025,25.293652,0.7543741,0.14285714285714285,0.8571428571428571
921,23.93311,24.177,-0.24389021,0.7142857142857143,0.2857142857142857
922,26.044798,24.286432,1.7583684,0.0,1.0
923,24.85379,24.234882,0.6189074,0.0,1.0
924,26.06019,24.891766,1.1684252,0.14285714285714285,0.8571428571428571
925,25.905107,25.488937,0.41616958,0.2857142857142857,0.7142857142857143
926,25.06557,24.684134,0.38143757,0.42857142857142855,0.5714285714285714
927,27.797884,25.002768,2.795118,0.0,1.0
928,26.96483,25.17412,1.7907126,0.0,1.0
929,24.871395,24.85202,0.019375937,0.42857142857142855,0.5714285714285714
930,25.930822,26.449768,-0.51894325,0.7142857142857143,0.2857142857142857
931,26.014212,22.937662,3.076551,0.0,1.0
932,25.57247,25.965958,-0.39349037,0.7142857142857143,0.2857142857142857
933,26.212938,25.599134,0.61380494,0.2857142857142857,0.7142857142857143
934,24.584148,23.627522,0.95662606,0.14285714285714285,0.8571428571428571
935,23.944614,23.53544,0.40917477,0.42857142857142855,0.5714285714285714
936,24.507772,23.299955,1.2078168,0.0,1.0
937,24.536463,24.110525,0.42593655,0.42857142857142855,0.5714285714285714
938,26.996754,24.754202,2.2425497,0.0,1.0
939,25.947712,26.628958,-0.6812455,0.8571428571428571,0.14285714285714285
940,25.63278,26.169937,-0.53715515,0.8571428571428571,0.14285714285714285
941,26.485605,23.863665,2.6219394,0.0,1.0
942,25.826153,25.14742,0.67873085,0.2857142857142857,0.7142857142857143
943,25.19554,26.569107,-1.3735697,1.0,0.0
944,26.33453,24.05406,2.2804685,0.0,1.0
945,25.775236,26.266462,-0.4912243,0.7142857142857143,0.2857142857142857
946,25.421871,26.300278,-0.87841195,0.8571428571428571,0.14285714285714285
947,26.752945,24.851913,1.9010304,0.0,1.0
948,27.432928,25.642338,1.7905886,0.0,1.0
949,26.044613,24.390594,1.6540173,0.14285714285714285,0.8571428571428571
950,26.234196,25.17807,1.0561295,0.14285714285714285,0.8571428571428571
951,24.11146,23.785025,0.32643265,0.42857142857142855,0.5714285714285714
952,25.641552,25.82861,-0.18706049,0.5714285714285714,0.42857142857142855
953,25.238205,24.396137,0.8420661,0.2857142857142857,0.7142857142857143
954,25.860975,25.325287,0.5356914,0.2857142857142857,0.7142857142857143
955,25.50562,24.975618,0.5300007,0.2857142857142857,0.7142857142857143
956,25.077541,24.287907,0.78963554,0.0,1.0
957,24.993076,24.881351,0.111727305,0.5714285714285714,0.42857142857142855
958,25.472383,25.44325,0.029134478,0.5714285714285714,0.42857142857142855
959,24.609846,27.986832,-3.3769858,1.0,0.0
960,25.411978,24.106436,1.3055422,0.0,1.0
961,24.897556,25.49422,-0.59666145,0.5714285714285714,0.42857142857142855
962,24.96065,24.4247,0.5359511,0.42857142857142855,0.5714285714285714
963,24.573359,24.66104,-0.087681904,0.5714285714285714,0.42857142857142855
964,25.436209,27.440308,-2.004097,1.0,0.0
965,26.929108,24.370378,2.5587308,0.0,1.0
966,24.802883,24.175642,0.62724304,0.14285714285714285,0.8571428571428571
967,25.192608,26.487926,-1.2953184,0.7142857142857143,0.2857142857142857
968,25.407297,23.937887,1.4694059,0.0,1.0
969,25.604795,25.021006,0.58378875,0.2857142857142857,0.7142857142857143
970,25.14624,23.455654,1.6905855,0.0,1.0
971,24.642,23.928278,0.713725,0.2857142857142857,0.7142857142857143
972,25.574522,24.312565,1.2619559,0.0,1.0
973,25.189846,24.359026,0.8308168,0.2857142857142857,0.7142857142857143
974,25.927134,24.868916,1.0582178,0.0,1.0
975,23.914381,22.871649,1.042729,0.0,1.0
976,28.1586,25.100534,3.058068,0.0,1.0
977,26.372564,24.83811,1.5344537,0.0,1.0
978,28.101805,23.644665,4.457138,0.0,1.0
979,25.712908,24.933376,0.77953064,0.14285714285714285,0.8571428571428571
980,24.907274,25.801298,-0.89402527,0.8571428571428571,0.14285714285714285
981,25.424938,25.139744,0.28519222,0.42857142857142855,0.5714285714285714
982,25.397156,23.794977,1.6021794,0.0,1.0
983,25.190634,24.563208,0.6274256,0.0,1.0
984,25.315643,25.483572,-0.16792788,0.42857142857142855,0.5714285714285714
985,24.667177,23.560446,1.1067306,0.0,1.0
986,25.623343,24.512873,1.1104717,0.0,1.0
987,26.040087,24.979645,1.0604445,0.0,1.0
988,25.079786,24.332716,0.74707085,0.14285714285714285,0.8571428571428571
989,25.434616,25.228327,0.20628902,0.5714285714285714,0.42857142857142855
990,27.481354,26.659136,0.8222138,0.2857142857142857,0.7142857142857143
991,25.658936,23.544535,2.1144013,0.0,1.0
992,25.982237,24.129059,1.8531748,0.0,1.0
993,28.21136,24.876463,3.3348978,0.0,1.0
994,24.03459,23.841763,0.19282587,0.42857142857142855,0.5714285714285714
995,26.659472,22.901245,3.7582257,0.0,1.0
996,26.33718,25.669424,0.6677546,0.14285714285714285,0.8571428571428571
997,24.496763,25.034756,-0.5379933,0.7142857142857143,0.2857142857142857
998,25.385912,25.133785,0.2521275,0.2857142857142857,0.7142857142857143
999,25.358215,25.403439,-0.045223236,0.5714285714285714,0.42857142857142855
