iteration,mean_nearest_dist_to_failed,mean_nearest_dist_to_unconv,mean_delta_failed_minus_unconv,prop_closer_to_failed,prop_closer_to_unconv
0,29.76138,29.878023,-0.11664554,0.5714285714285714,0.42857142857142855
1,30.451794,31.267681,-0.81588775,0.8571428571428571,0.14285714285714285
2,29.813372,29.374775,0.4385981,0.2857142857142857,0.7142857142857143
3,30.603252,31.321201,-0.71794593,0.5714285714285714,0.42857142857142855
4,30.615576,28.631205,1.9843758,0.14285714285714285,0.8571428571428571
5,29.608557,30.70331,-1.0947511,0.8571428571428571,0.14285714285714285
6,31.427996,29.145685,2.2823117,0.0,1.0
7,29.429976,30.175375,-0.74539864,0.8571428571428571,0.14285714285714285
8,31.114614,29.97504,1.1395721,0.14285714285714285,0.8571428571428571
9,32.08226,29.485495,2.5967658,0.0,1.0
10,30.585627,30.855804,-0.27018028,0.7142857142857143,0.2857142857142857
11,30.568985,30.229939,0.33904484,0.2857142857142857,0.7142857142857143
12,30.110622,29.885206,0.22541454,0.42857142857142855,0.5714285714285714
13,30.344141,30.329195,0.014944349,0.42857142857142855,0.5714285714285714
14,31.086462,30.212145,0.87431824,0.14285714285714285,0.8571428571428571
15,29.5534,29.279272,0.27412415,0.2857142857142857,0.7142857142857143
16,29.425816,30.947327,-1.5215094,1.0,0.0
17,30.768772,28.5893,2.1794734,0.0,1.0
18,29.237364,28.973942,0.26342282,0.42857142857142855,0.5714285714285714
19,29.336239,29.06306,0.27317864,0.42857142857142855,0.5714285714285714
20,30.069386,29.535267,0.5341192,0.2857142857142857,0.7142857142857143
21,30.221018,30.312729,-0.09171241,0.5714285714285714,0.42857142857142855
22,29.939894,29.79863,0.14126396,0.42857142857142855,0.5714285714285714
23,30.168299,29.247873,0.9204219,0.14285714285714285,0.8571428571428571
24,30.091427,28.566633,1.5247942,0.14285714285714285,0.8571428571428571
25,31.485403,30.353151,1.1322523,0.14285714285714285,0.8571428571428571
26,29.398752,29.20344,0.1953125,0.5714285714285714,0.42857142857142855
27,29.883774,31.014254,-1.1304823,1.0,0.0
28,30.197283,29.043066,1.1542181,0.14285714285714285,0.8571428571428571
29,30.226748,31.079,-0.85225105,0.7142857142857143,0.2857142857142857
30,30.160494,31.296131,-1.1356364,0.8571428571428571,0.14285714285714285
31,30.406897,29.781782,0.6251174,0.2857142857142857,0.7142857142857143
32,30.64808,28.522614,2.1254652,0.0,1.0
33,29.110165,29.009565,0.10060092,0.42857142857142855,0.5714285714285714
34,28.818674,27.976313,0.84235954,0.14285714285714285,0.8571428571428571
35,30.736979,28.66818,2.0687983,0.0,1.0
36,30.652266,30.267626,0.38463974,0.2857142857142857,0.7142857142857143
37,29.488764,33.036865,-3.5481029,1.0,0.0
38,29.778225,29.194967,0.58325607,0.2857142857142857,0.7142857142857143
39,30.940283,29.23258,1.7077032,0.0,1.0
40,30.375881,29.426147,0.9497343,0.2857142857142857,0.7142857142857143
41,29.554087,29.831715,-0.27762958,0.5714285714285714,0.42857142857142855
42,29.584972,29.3537,0.23127092,0.5714285714285714,0.42857142857142855
43,29.716488,29.768595,-0.0521104,0.5714285714285714,0.42857142857142855
44,29.709547,29.224726,0.48481888,0.2857142857142857,0.7142857142857143
45,29.487593,29.722843,-0.23524912,0.5714285714285714,0.42857142857142855
46,29.155361,29.517546,-0.36218616,0.5714285714285714,0.42857142857142855
47,29.5132,29.146488,0.36671394,0.42857142857142855,0.5714285714285714
48,30.027466,29.004795,1.0226724,0.14285714285714285,0.8571428571428571
49,29.83526,29.436085,0.3991751,0.42857142857142855,0.5714285714285714
50,30.337772,27.980154,2.3576195,0.0,1.0
51,30.349201,29.426405,0.9227976,0.14285714285714285,0.8571428571428571
52,30.47078,31.091793,-0.6210131,0.7142857142857143,0.2857142857142857
53,29.892836,31.229483,-1.3366495,0.7142857142857143,0.2857142857142857
54,30.281921,30.279205,0.0027187893,0.42857142857142855,0.5714285714285714
55,29.786966,28.352057,1.434909,0.0,1.0
56,29.937662,30.379946,-0.44228745,0.7142857142857143,0.2857142857142857
57,30.180952,28.893198,1.2877551,0.0,1.0
58,30.53251,29.81506,0.71745193,0.2857142857142857,0.7142857142857143
59,30.503994,28.947153,1.5568417,0.0,1.0
60,30.219517,30.396597,-0.17708342,0.42857142857142855,0.5714285714285714
61,29.300243,29.211182,0.08906065,0.2857142857142857,0.7142857142857143
62,30.066906,28.439728,1.6271774,0.14285714285714285,0.8571428571428571
63,29.910322,28.914318,0.99600494,0.0,1.0
64,29.597672,29.909695,-0.312021,0.7142857142857143,0.2857142857142857
65,30.507158,29.738316,0.768843,0.2857142857142857,0.7142857142857143
66,30.169443,29.529919,0.6395286,0.2857142857142857,0.7142857142857143
67,30.948658,30.186365,0.7622934,0.2857142857142857,0.7142857142857143
68,28.850065,28.66282,0.18724033,0.14285714285714285,0.8571428571428571
69,28.906528,28.101162,0.805366,0.0,1.0
70,29.863596,30.518595,-0.6549977,0.5714285714285714,0.42857142857142855
71,30.177967,31.08228,-0.9043097,0.8571428571428571,0.14285714285714285
72,31.043077,30.528177,0.5149037,0.2857142857142857,0.7142857142857143
73,30.049078,29.384104,0.6649753,0.2857142857142857,0.7142857142857143
74,29.79337,30.958906,-1.1655369,0.8571428571428571,0.14285714285714285
75,30.375696,28.892355,1.4833387,0.14285714285714285,0.8571428571428571
76,29.926619,30.198132,-0.27151218,0.7142857142857143,0.2857142857142857
77,29.980305,29.186716,0.7935914,0.14285714285714285,0.8571428571428571
78,29.468231,30.54742,-1.0791876,0.8571428571428571,0.14285714285714285
79,29.900452,28.574045,1.3264076,0.14285714285714285,0.8571428571428571
80,30.653605,29.88512,0.76848274,0.14285714285714285,0.8571428571428571
81,29.304098,31.111359,-1.8072592,1.0,0.0
82,30.230656,29.97302,0.25763512,0.2857142857142857,0.7142857142857143
83,30.599657,30.16136,0.43829674,0.42857142857142855,0.5714285714285714
84,29.915773,29.07903,0.8367435,0.2857142857142857,0.7142857142857143
85,29.620213,29.187344,0.43287277,0.42857142857142855,0.5714285714285714
86,30.053438,29.176668,0.8767716,0.14285714285714285,0.8571428571428571
87,31.720568,29.295322,2.4252436,0.0,1.0
88,30.334929,29.91,0.42492947,0.42857142857142855,0.5714285714285714
89,29.161234,29.21124,-0.050007682,0.42857142857142855,0.5714285714285714
90,29.363287,28.407072,0.9562165,0.42857142857142855,0.5714285714285714
91,29.503054,31.03477,-1.531711,1.0,0.0
92,29.752605,28.7399,1.0127043,0.2857142857142857,0.7142857142857143
93,28.634542,27.741512,0.8930318,0.42857142857142855,0.5714285714285714
94,28.948214,27.36795,1.5802634,0.14285714285714285,0.8571428571428571
95,29.921707,28.473398,1.44831,0.14285714285714285,0.8571428571428571
96,29.964512,29.584644,0.37987056,0.2857142857142857,0.7142857142857143
97,30.97388,29.853853,1.120027,0.0,1.0
98,30.40378,29.781778,0.62200195,0.14285714285714285,0.8571428571428571
99,29.845121,28.478085,1.3670352,0.2857142857142857,0.7142857142857143
100,30.569351,30.225733,0.3436176,0.42857142857142855,0.5714285714285714
101,28.538939,29.216639,-0.6776992,0.5714285714285714,0.42857142857142855
102,29.906363,29.171307,0.7350603,0.14285714285714285,0.8571428571428571
103,30.707123,30.210035,0.49709156,0.42857142857142855,0.5714285714285714
104,29.815405,31.68339,-1.8679812,0.8571428571428571,0.14285714285714285
105,28.48261,27.729303,0.75330764,0.14285714285714285,0.8571428571428571
106,29.115753,30.406301,-1.2905477,0.8571428571428571,0.14285714285714285
107,28.68043,28.198044,0.48238483,0.42857142857142855,0.5714285714285714
108,29.177258,31.015516,-1.8382607,0.7142857142857143,0.2857142857142857
109,30.041006,28.97458,1.0664256,0.0,1.0
110,30.211605,31.479992,-1.2683871,0.8571428571428571,0.14285714285714285
111,30.53888,30.59841,-0.059534073,0.7142857142857143,0.2857142857142857
112,30.73638,29.639286,1.0970947,0.14285714285714285,0.8571428571428571
113,29.912516,29.70115,0.21136339,0.42857142857142855,0.5714285714285714
114,29.428802,29.290844,0.13795935,0.42857142857142855,0.5714285714285714
115,30.159466,29.587473,0.5719932,0.42857142857142855,0.5714285714285714
116,30.171766,29.420567,0.7511973,0.42857142857142855,0.5714285714285714
117,30.20607,29.528597,0.6774755,0.42857142857142855,0.5714285714285714
118,29.368671,30.186415,-0.81774193,0.7142857142857143,0.2857142857142857
119,30.26034,27.727945,2.5323944,0.0,1.0
120,30.155874,29.376217,0.779662,0.14285714285714285,0.8571428571428571
121,30.435154,28.554953,1.8802035,0.0,1.0
122,30.298403,29.18992,1.1084826,0.14285714285714285,0.8571428571428571
123,29.62325,29.952898,-0.3296495,0.7142857142857143,0.2857142857142857
124,30.059828,29.666212,0.39361492,0.42857142857142855,0.5714285714285714
125,30.455997,31.188818,-0.73282135,0.7142857142857143,0.2857142857142857
126,30.100286,29.145552,0.95474106,0.42857142857142855,0.5714285714285714
127,30.626879,30.423964,0.20291628,0.5714285714285714,0.42857142857142855
128,29.706324,29.102932,0.60339135,0.42857142857142855,0.5714285714285714
129,31.080536,29.670294,1.4102383,0.0,1.0
130,28.888214,27.856482,1.0317342,0.14285714285714285,0.8571428571428571
131,30.258238,31.714506,-1.4562689,1.0,0.0
132,29.938663,29.29237,0.6462947,0.42857142857142855,0.5714285714285714
133,30.466248,29.518147,0.94810265,0.14285714285714285,0.8571428571428571
134,28.73316,28.85916,-0.12599836,0.42857142857142855,0.5714285714285714
135,29.20492,28.482508,0.72241265,0.42857142857142855,0.5714285714285714
136,30.321142,31.27704,-0.9558988,1.0,0.0
137,28.771664,28.080156,0.69150513,0.42857142857142855,0.5714285714285714
138,30.898966,28.86485,2.034115,0.0,1.0
139,29.766268,30.522549,-0.756282,0.7142857142857143,0.2857142857142857
140,30.613682,30.062641,0.5510412,0.42857142857142855,0.5714285714285714
141,28.992994,29.481863,-0.488872,0.7142857142857143,0.2857142857142857
142,30.632858,30.587828,0.045030866,0.5714285714285714,0.42857142857142855
143,29.93175,29.814144,0.11760657,0.2857142857142857,0.7142857142857143
144,28.845194,27.747606,1.0975835,0.2857142857142857,0.7142857142857143
145,30.748379,29.931765,0.8166109,0.14285714285714285,0.8571428571428571
146,29.573948,29.5009,0.07304764,0.5714285714285714,0.42857142857142855
147,30.797945,30.439106,0.3588374,0.2857142857142857,0.7142857142857143
148,29.90834,29.525898,0.3824411,0.42857142857142855,0.5714285714285714
149,29.963383,29.053593,0.90979165,0.2857142857142857,0.7142857142857143
150,29.025585,29.268354,-0.2427717,0.5714285714285714,0.42857142857142855
151,30.045046,30.105133,-0.06008802,0.5714285714285714,0.42857142857142855
152,30.394732,30.973934,-0.5792021,0.7142857142857143,0.2857142857142857
153,31.23103,29.48623,1.7448016,0.0,1.0
154,29.531658,29.201664,0.32999367,0.14285714285714285,0.8571428571428571
155,29.189114,29.201708,-0.012595041,0.42857142857142855,0.5714285714285714
156,29.834621,27.828714,2.0059075,0.14285714285714285,0.8571428571428571
157,30.37276,29.21934,1.1534241,0.2857142857142857,0.7142857142857143
158,28.55253,29.510313,-0.95778686,0.8571428571428571,0.14285714285714285
159,30.30635,29.717016,0.5893342,0.14285714285714285,0.8571428571428571
160,29.643362,28.382542,1.2608202,0.2857142857142857,0.7142857142857143
161,30.425613,29.538385,0.88722885,0.2857142857142857,0.7142857142857143
162,30.653418,31.17274,-0.5193228,0.8571428571428571,0.14285714285714285
163,30.864794,29.64058,1.2242156,0.14285714285714285,0.8571428571428571
164,29.12738,27.922274,1.20511,0.0,1.0
165,29.683426,28.317492,1.3659322,0.14285714285714285,0.8571428571428571
166,30.25671,30.05026,0.2064506,0.42857142857142855,0.5714285714285714
167,31.244043,29.550396,1.6936485,0.0,1.0
168,30.108006,29.973337,0.13466944,0.2857142857142857,0.7142857142857143
169,29.622263,28.594221,1.0280443,0.2857142857142857,0.7142857142857143
170,28.970398,28.98361,-0.013210024,0.5714285714285714,0.42857142857142855
171,30.336763,29.5045,0.8322653,0.2857142857142857,0.7142857142857143
172,29.752712,29.755945,-0.0032343182,0.42857142857142855,0.5714285714285714
173,30.17681,28.111994,2.0648177,0.0,1.0
174,30.23972,27.818684,2.421036,0.0,1.0
175,29.235409,27.999187,1.2362226,0.0,1.0
176,30.321169,30.738276,-0.41710663,0.7142857142857143,0.2857142857142857
177,29.696798,28.702639,0.99416214,0.2857142857142857,0.7142857142857143
178,30.218159,28.737171,1.4809848,0.14285714285714285,0.8571428571428571
179,30.288305,29.214813,1.0734923,0.2857142857142857,0.7142857142857143
180,30.990881,29.443155,1.5477257,0.2857142857142857,0.7142857142857143
181,30.616419,29.416134,1.200286,0.0,1.0
182,30.045874,30.762299,-0.7164241,0.7142857142857143,0.2857142857142857
183,31.033937,30.618069,0.41587177,0.42857142857142855,0.5714285714285714
184,29.656717,30.658997,-1.0022806,0.8571428571428571,0.14285714285714285
185,30.90704,29.526104,1.3809332,0.0,1.0
186,29.246181,30.355167,-1.1089891,0.7142857142857143,0.2857142857142857
187,29.601238,28.555891,1.0453466,0.14285714285714285,0.8571428571428571
188,31.35509,29.048021,2.3070695,0.14285714285714285,0.8571428571428571
189,29.468418,28.548672,0.91974884,0.14285714285714285,0.8571428571428571
190,29.406956,28.37289,1.0340682,0.14285714285714285,0.8571428571428571
191,30.175142,31.699339,-1.5241928,1.0,0.0
192,30.019205,30.74405,-0.7248448,0.8571428571428571,0.14285714285714285
193,31.008177,30.187748,0.8204278,0.14285714285714285,0.8571428571428571
194,29.293156,29.383307,-0.09015138,0.5714285714285714,0.42857142857142855
195,30.40614,29.163599,1.2425401,0.14285714285714285,0.8571428571428571
196,29.356083,29.162786,0.19329752,0.5714285714285714,0.42857142857142855
197,30.436022,29.470098,0.96592194,0.0,1.0
198,29.22513,29.268812,-0.043681826,0.5714285714285714,0.42857142857142855
199,29.47894,30.415045,-0.93610764,1.0,0.0
200,30.687147,31.493702,-0.8065564,0.8571428571428571,0.14285714285714285
201,29.383108,28.798353,0.5847558,0.2857142857142857,0.7142857142857143
202,30.387543,30.658525,-0.27098274,0.7142857142857143,0.2857142857142857
203,30.40617,29.327633,1.0785338,0.0,1.0
204,29.4272,29.147924,0.27927372,0.42857142857142855,0.5714285714285714
205,28.980328,28.679337,0.30099133,0.5714285714285714,0.42857142857142855
206,30.261585,29.18561,1.0759727,0.14285714285714285,0.8571428571428571
207,30.061361,29.02338,1.0379823,0.2857142857142857,0.7142857142857143
208,30.427866,28.731836,1.6960294,0.0,1.0
209,28.328646,28.935297,-0.6066505,0.7142857142857143,0.2857142857142857
210,30.933733,30.439344,0.49438804,0.42857142857142855,0.5714285714285714
211,31.54572,30.163553,1.3821678,0.14285714285714285,0.8571428571428571
212,29.706142,31.057718,-1.3515745,1.0,0.0
213,31.415113,29.350153,2.0649607,0.0,1.0
214,29.115997,28.539576,0.5764223,0.14285714285714285,0.8571428571428571
215,30.18324,29.59747,0.5857702,0.2857142857142857,0.7142857142857143
216,30.050293,29.884909,0.16538456,0.5714285714285714,0.42857142857142855
217,30.336527,30.095356,0.24117115,0.2857142857142857,0.7142857142857143
218,31.223835,30.8979,0.325937,0.42857142857142855,0.5714285714285714
219,30.69063,29.353174,1.3374552,0.14285714285714285,0.8571428571428571
220,29.595976,29.960508,-0.36453193,0.5714285714285714,0.42857142857142855
221,30.01824,28.695705,1.3225354,0.0,1.0
222,29.304102,29.193678,0.11042268,0.2857142857142857,0.7142857142857143
223,30.583614,29.749393,0.83421814,0.14285714285714285,0.8571428571428571
224,30.598524,29.873642,0.72488374,0.42857142857142855,0.5714285714285714
225,29.75178,28.009802,1.7419777,0.0,1.0
226,30.404255,29.892874,0.5113817,0.2857142857142857,0.7142857142857143
227,30.818237,29.693476,1.1247618,0.42857142857142855,0.5714285714285714
228,29.463324,29.593075,-0.1297523,0.7142857142857143,0.2857142857142857
229,29.863728,28.860516,1.003213,0.14285714285714285,0.8571428571428571
230,29.32831,28.86233,0.46598026,0.42857142857142855,0.5714285714285714
231,29.195408,28.111416,1.0839937,0.2857142857142857,0.7142857142857143
232,29.395372,29.276197,0.11917659,0.42857142857142855,0.5714285714285714
233,30.072113,29.364838,0.707277,0.14285714285714285,0.8571428571428571
234,30.408047,29.891497,0.51655304,0.42857142857142855,0.5714285714285714
235,30.67219,29.22417,1.448018,0.14285714285714285,0.8571428571428571
236,29.160145,29.127733,0.032412667,0.2857142857142857,0.7142857142857143
237,30.7142,28.975037,1.7391624,0.0,1.0
238,29.37439,29.944841,-0.57045394,0.8571428571428571,0.14285714285714285
239,31.656956,29.027592,2.6293664,0.0,1.0
240,30.448927,30.244167,0.20476095,0.42857142857142855,0.5714285714285714
241,29.906073,28.181213,1.724859,0.0,1.0
242,29.601831,28.800873,0.8009581,0.14285714285714285,0.8571428571428571
243,30.604475,30.170807,0.43367004,0.42857142857142855,0.5714285714285714
244,29.601725,29.734194,-0.13246945,0.2857142857142857,0.7142857142857143
245,29.955622,31.0473,-1.0916792,1.0,0.0
246,31.47261,30.156467,1.316139,0.14285714285714285,0.8571428571428571
247,29.954515,28.940676,1.0138414,0.0,1.0
248,30.645098,28.823984,1.8211161,0.14285714285714285,0.8571428571428571
249,30.631456,30.868448,-0.23699053,0.7142857142857143,0.2857142857142857
250,29.409101,28.790741,0.6183627,0.14285714285714285,0.8571428571428571
251,30.218578,29.03537,1.1832095,0.14285714285714285,0.8571428571428571
252,30.094687,30.635134,-0.5404478,0.7142857142857143,0.2857142857142857
253,30.438965,29.870897,0.56806535,0.42857142857142855,0.5714285714285714
254,29.156797,29.333364,-0.17656544,0.42857142857142855,0.5714285714285714
255,29.090277,28.898329,0.19195093,0.5714285714285714,0.42857142857142855
256,29.685373,28.58494,1.1004344,0.14285714285714285,0.8571428571428571
257,29.901129,31.268555,-1.3674234,1.0,0.0
258,30.6522,29.895617,0.75658447,0.2857142857142857,0.7142857142857143
259,29.361765,29.403502,-0.04173851,0.5714285714285714,0.42857142857142855
260,30.194796,29.803774,0.39101982,0.2857142857142857,0.7142857142857143
261,30.090351,31.278429,-1.1880798,1.0,0.0
262,29.46932,28.900782,0.5685411,0.14285714285714285,0.8571428571428571
263,29.960892,29.10933,0.85156304,0.0,1.0
264,30.141357,31.4993,-1.3579432,1.0,0.0
265,28.750656,28.423283,0.3273776,0.42857142857142855,0.5714285714285714
266,31.133547,30.933859,0.19968769,0.42857142857142855,0.5714285714285714
267,29.307375,27.89485,1.4125233,0.0,1.0
268,29.525133,29.804317,-0.27918243,0.5714285714285714,0.42857142857142855
269,30.770733,29.664927,1.1058123,0.2857142857142857,0.7142857142857143
270,30.240942,30.526562,-0.28561592,0.42857142857142855,0.5714285714285714
271,30.008707,30.911798,-0.9030895,0.7142857142857143,0.2857142857142857
272,29.78908,30.849833,-1.0607535,0.8571428571428571,0.14285714285714285
273,29.939638,28.053114,1.8865253,0.0,1.0
274,29.496832,29.184309,0.31252316,0.42857142857142855,0.5714285714285714
275,30.411701,31.147964,-0.736266,0.8571428571428571,0.14285714285714285
276,30.284363,29.687225,0.5971385,0.42857142857142855,0.5714285714285714
277,30.74434,30.148722,0.59561676,0.2857142857142857,0.7142857142857143
278,29.941214,30.014734,-0.0735193,0.42857142857142855,0.5714285714285714
279,30.236135,29.082075,1.1540612,0.0,1.0
280,31.154623,29.909588,1.2450349,0.14285714285714285,0.8571428571428571
281,29.724895,29.95346,-0.22856794,0.7142857142857143,0.2857142857142857
282,30.52426,29.703558,0.82070214,0.2857142857142857,0.7142857142857143
283,30.442486,29.096844,1.3456419,0.14285714285714285,0.8571428571428571
284,30.188917,30.135345,0.053570885,0.5714285714285714,0.42857142857142855
285,29.98624,29.878475,0.10776874,0.42857142857142855,0.5714285714285714
286,29.851809,28.825191,1.0266192,0.14285714285714285,0.8571428571428571
287,29.416243,29.361177,0.05506679,0.5714285714285714,0.42857142857142855
288,30.509274,30.70726,-0.19798578,0.5714285714285714,0.42857142857142855
289,31.173319,29.970652,1.2026666,0.14285714285714285,0.8571428571428571
290,29.693113,28.894602,0.7985131,0.2857142857142857,0.7142857142857143
291,29.882723,29.455626,0.42709896,0.2857142857142857,0.7142857142857143
292,30.832983,29.350323,1.4826643,0.14285714285714285,0.8571428571428571
293,30.1992,28.733702,1.4654942,0.0,1.0
294,29.593107,28.630846,0.96226203,0.42857142857142855,0.5714285714285714
295,30.948702,30.364809,0.58389443,0.42857142857142855,0.5714285714285714
296,30.226591,29.261164,0.9654293,0.42857142857142855,0.5714285714285714
297,30.326534,29.375305,0.9512256,0.14285714285714285,0.8571428571428571
298,30.009676,29.170849,0.8388318,0.14285714285714285,0.8571428571428571
299,30.064602,29.942095,0.12250682,0.42857142857142855,0.5714285714285714
300,30.86051,31.07132,-0.21080944,0.2857142857142857,0.7142857142857143
301,31.621695,29.704588,1.9171053,0.0,1.0
302,28.942532,28.883844,0.058688845,0.42857142857142855,0.5714285714285714
303,30.279753,29.953829,0.32592338,0.2857142857142857,0.7142857142857143
304,30.14443,29.947744,0.19668388,0.2857142857142857,0.7142857142857143
305,30.317036,29.95882,0.35821316,0.42857142857142855,0.5714285714285714
306,29.66319,28.439419,1.2237734,0.0,1.0
307,30.148973,29.846212,0.3027578,0.14285714285714285,0.8571428571428571
308,30.2162,30.084284,0.13191687,0.5714285714285714,0.42857142857142855
309,30.227673,28.620502,1.6071688,0.14285714285714285,0.8571428571428571
310,31.334269,28.541775,2.7924922,0.0,1.0
311,30.28145,29.218258,1.0631949,0.14285714285714285,0.8571428571428571
312,29.880167,29.301764,0.57840073,0.2857142857142857,0.7142857142857143
313,31.022707,30.987797,0.034910746,0.5714285714285714,0.42857142857142855
314,30.229048,31.680588,-1.4515425,0.8571428571428571,0.14285714285714285
315,30.522768,30.327162,0.19560568,0.2857142857142857,0.7142857142857143
316,29.987015,29.529627,0.45738846,0.14285714285714285,0.8571428571428571
317,30.140669,28.592602,1.5480679,0.0,1.0
318,30.668743,29.787893,0.88084877,0.2857142857142857,0.7142857142857143
319,29.931667,28.47331,1.4583569,0.2857142857142857,0.7142857142857143
320,29.299765,27.761486,1.5382797,0.2857142857142857,0.7142857142857143
321,28.090261,29.459684,-1.3694172,0.5714285714285714,0.42857142857142855
322,31.172285,29.197306,1.9749811,0.0,1.0
323,29.482718,28.84075,0.6419675,0.42857142857142855,0.5714285714285714
324,30.354837,30.04282,0.31201252,0.42857142857142855,0.5714285714285714
325,30.094152,29.996017,0.09813527,0.42857142857142855,0.5714285714285714
326,29.899729,30.256107,-0.35638073,0.7142857142857143,0.2857142857142857
327,29.866343,30.473944,-0.6076036,0.7142857142857143,0.2857142857142857
328,29.182562,29.64128,-0.4587157,0.5714285714285714,0.42857142857142855
329,29.936045,29.416143,0.51989967,0.2857142857142857,0.7142857142857143
330,29.202944,29.742804,-0.53986084,0.5714285714285714,0.42857142857142855
331,29.961338,28.79599,1.1653506,0.0,1.0
332,29.429777,28.95458,0.47519764,0.42857142857142855,0.5714285714285714
333,30.470018,30.861761,-0.39174435,0.8571428571428571,0.14285714285714285
334,29.574308,31.641726,-2.0674176,1.0,0.0
335,28.6664,28.105618,0.56078446,0.2857142857142857,0.7142857142857143
336,30.711239,28.846117,1.865121,0.14285714285714285,0.8571428571428571
337,28.850529,27.708017,1.1425116,0.2857142857142857,0.7142857142857143
338,30.406755,30.116459,0.29029956,0.2857142857142857,0.7142857142857143
339,29.346655,29.360506,-0.0138519835,0.42857142857142855,0.5714285714285714
340,29.985224,30.692186,-0.7069634,0.8571428571428571,0.14285714285714285
341,29.213179,29.541042,-0.32786533,0.5714285714285714,0.42857142857142855
342,29.927626,29.086771,0.8408574,0.14285714285714285,0.8571428571428571
343,30.569427,30.011461,0.55796593,0.14285714285714285,0.8571428571428571
344,30.238222,29.492233,0.74598694,0.42857142857142855,0.5714285714285714
345,30.833578,31.415266,-0.58168685,0.5714285714285714,0.42857142857142855
346,30.532358,28.917654,1.6147033,0.0,1.0
347,30.452148,29.805368,0.64678353,0.2857142857142857,0.7142857142857143
348,30.652721,29.308517,1.3442031,0.0,1.0
349,30.433577,28.724957,1.7086201,0.0,1.0
350,29.959734,30.678503,-0.71877015,0.5714285714285714,0.42857142857142855
351,31.234488,30.829771,0.4047176,0.14285714285714285,0.8571428571428571
352,29.658436,28.754635,0.9038018,0.14285714285714285,0.8571428571428571
353,30.300613,30.25392,0.04669571,0.5714285714285714,0.42857142857142855
354,30.710361,29.62076,1.0895988,0.14285714285714285,0.8571428571428571
355,30.537197,30.023512,0.5136849,0.2857142857142857,0.7142857142857143
356,31.010866,28.45515,2.5557194,0.0,1.0
357,29.84316,30.759369,-0.91621125,0.8571428571428571,0.14285714285714285
358,29.35109,28.787035,0.5640542,0.2857142857142857,0.7142857142857143
359,29.476244,28.402817,1.0734272,0.14285714285714285,0.8571428571428571
360,30.948988,30.155848,0.7931418,0.0,1.0
361,31.213802,29.891933,1.3218725,0.0,1.0
362,30.15086,29.182114,0.9687465,0.14285714285714285,0.8571428571428571
363,30.6523,29.2917,1.3605995,0.14285714285714285,0.8571428571428571
364,29.982279,28.485458,1.4968183,0.14285714285714285,0.8571428571428571
365,29.64054,28.125214,1.5153272,0.14285714285714285,0.8571428571428571
366,29.875095,28.840452,1.0346438,0.14285714285714285,0.8571428571428571
367,29.41218,28.675915,0.73626655,0.2857142857142857,0.7142857142857143
368,29.129883,30.568735,-1.4388531,1.0,0.0
369,30.248291,29.108456,1.1398373,0.2857142857142857,0.7142857142857143
370,29.30932,28.695438,0.613881,0.42857142857142855,0.5714285714285714
371,29.190973,29.016743,0.17423002,0.5714285714285714,0.42857142857142855
372,30.3858,29.29878,1.0870209,0.14285714285714285,0.8571428571428571
373,30.885891,30.047876,0.838016,0.2857142857142857,0.7142857142857143
374,29.63464,29.231192,0.4034454,0.2857142857142857,0.7142857142857143
375,29.57211,28.95699,0.61512023,0.14285714285714285,0.8571428571428571
376,30.281652,28.173334,2.1083183,0.0,1.0
377,28.496103,27.435202,1.0608981,0.0,1.0
378,30.364859,29.878088,0.4867709,0.42857142857142855,0.5714285714285714
379,30.055632,29.872545,0.18308531,0.42857142857142855,0.5714285714285714
380,30.063934,32.4206,-2.3566704,1.0,0.0
381,30.96345,30.20142,0.7620234,0.2857142857142857,0.7142857142857143
382,29.525482,29.429142,0.09633909,0.5714285714285714,0.42857142857142855
383,30.577517,29.578388,0.99912864,0.2857142857142857,0.7142857142857143
384,29.475098,29.73788,-0.2627836,0.7142857142857143,0.2857142857142857
385,29.641754,30.079012,-0.4372575,0.5714285714285714,0.42857142857142855
386,30.341145,28.57121,1.7699358,0.14285714285714285,0.8571428571428571
387,30.349888,29.60033,0.74955887,0.14285714285714285,0.8571428571428571
388,30.830458,29.888935,0.9415215,0.2857142857142857,0.7142857142857143
389,30.058132,29.675062,0.38307136,0.42857142857142855,0.5714285714285714
390,31.138834,29.2877,1.8511331,0.0,1.0
391,30.226519,30.833618,-0.607099,0.7142857142857143,0.2857142857142857
392,29.520716,29.400576,0.120139256,0.2857142857142857,0.7142857142857143
393,29.24169,28.620161,0.6215281,0.42857142857142855,0.5714285714285714
394,29.56536,29.09175,0.47360992,0.42857142857142855,0.5714285714285714
395,29.511374,28.749058,0.762319,0.2857142857142857,0.7142857142857143
396,30.469294,29.743546,0.72574586,0.14285714285714285,0.8571428571428571
397,30.396475,29.434128,0.96234596,0.2857142857142857,0.7142857142857143
398,31.657932,30.044231,1.6137028,0.14285714285714285,0.8571428571428571
399,29.663433,28.525991,1.1374395,0.5714285714285714,0.42857142857142855
400,29.399399,29.74461,-0.34521076,0.8571428571428571,0.14285714285714285
401,30.730299,29.166275,1.5640248,0.0,1.0
402,29.274187,28.553843,0.7203478,0.14285714285714285,0.8571428571428571
403,30.783493,29.391958,1.3915329,0.0,1.0
404,30.922258,29.900126,1.0221329,0.2857142857142857,0.7142857142857143
405,30.744581,29.851027,0.8935552,0.2857142857142857,0.7142857142857143
406,30.056707,29.220776,0.8359326,0.2857142857142857,0.7142857142857143
407,31.38354,29.629824,1.753713,0.0,1.0
408,29.018948,28.19819,0.8207591,0.2857142857142857,0.7142857142857143
409,30.354956,29.377226,0.97773117,0.0,1.0
410,31.091303,30.974253,0.11705208,0.2857142857142857,0.7142857142857143
411,29.998173,31.232924,-1.2347494,0.8571428571428571,0.14285714285714285
412,30.677786,29.330488,1.3472977,0.0,1.0
413,30.031195,30.449102,-0.41790962,0.5714285714285714,0.42857142857142855
414,29.86436,29.287457,0.57690346,0.2857142857142857,0.7142857142857143
415,30.470602,30.830658,-0.36005512,0.5714285714285714,0.42857142857142855
416,30.094675,29.87948,0.21519606,0.42857142857142855,0.5714285714285714
417,29.990555,29.249273,0.7412807,0.42857142857142855,0.5714285714285714
418,29.596842,28.139807,1.4570332,0.14285714285714285,0.8571428571428571
419,29.502111,28.502123,0.99998826,0.2857142857142857,0.7142857142857143
420,29.767193,28.802065,0.96512824,0.2857142857142857,0.7142857142857143
421,30.494455,29.27033,1.2241213,0.14285714285714285,0.8571428571428571
422,29.825153,29.77556,0.049593788,0.5714285714285714,0.42857142857142855
423,30.23082,28.801178,1.429643,0.14285714285714285,0.8571428571428571
424,30.405966,30.6404,-0.23443304,0.7142857142857143,0.2857142857142857
425,29.135586,29.297373,-0.1617854,0.5714285714285714,0.42857142857142855
426,28.550129,28.359179,0.19095013,0.42857142857142855,0.5714285714285714
427,30.298145,28.536427,1.7617171,0.0,1.0
428,29.298758,28.273767,1.0249941,0.2857142857142857,0.7142857142857143
429,29.811985,28.746273,1.0657156,0.2857142857142857,0.7142857142857143
430,29.362425,30.046665,-0.6842412,0.7142857142857143,0.2857142857142857
431,28.75656,28.630907,0.12565422,0.5714285714285714,0.42857142857142855
432,30.620092,29.995953,0.624142,0.2857142857142857,0.7142857142857143
433,29.040533,29.252224,-0.21168844,0.7142857142857143,0.2857142857142857
434,31.192368,30.019758,1.1726125,0.0,1.0
435,32.219624,30.19156,2.028063,0.0,1.0
436,29.494913,29.428965,0.06594495,0.5714285714285714,0.42857142857142855
437,30.294983,30.44155,-0.1465683,0.42857142857142855,0.5714285714285714
438,30.189867,30.427492,-0.23762512,0.5714285714285714,0.42857142857142855
439,30.583609,30.699999,-0.116388865,0.5714285714285714,0.42857142857142855
440,29.616838,28.816051,0.8007894,0.14285714285714285,0.8571428571428571
441,29.16179,29.92029,-0.7584981,0.8571428571428571,0.14285714285714285
442,30.410696,29.462645,0.9480523,0.14285714285714285,0.8571428571428571
443,30.66614,29.630884,1.0352571,0.14285714285714285,0.8571428571428571
444,31.771408,33.507103,-1.7356974,1.0,0.0
445,30.13202,30.794085,-0.66206276,0.7142857142857143,0.2857142857142857
446,29.997637,28.979437,1.0181974,0.14285714285714285,0.8571428571428571
447,29.588114,30.37933,-0.79121673,0.8571428571428571,0.14285714285714285
448,30.74127,28.009747,2.7315228,0.0,1.0
449,30.26473,29.824825,0.4399068,0.42857142857142855,0.5714285714285714
450,29.973642,29.955557,0.018085208,0.5714285714285714,0.42857142857142855
451,31.329529,28.972582,2.356949,0.0,1.0
452,29.803637,28.47603,1.3276056,0.2857142857142857,0.7142857142857143
453,29.175295,30.007795,-0.832498,0.7142857142857143,0.2857142857142857
454,30.865408,30.438852,0.42655674,0.42857142857142855,0.5714285714285714
455,29.243717,30.135483,-0.8917642,0.8571428571428571,0.14285714285714285
456,31.152506,29.165283,1.987221,0.14285714285714285,0.8571428571428571
457,31.063076,29.558437,1.5046414,0.14285714285714285,0.8571428571428571
458,29.539555,29.403215,0.13634,0.5714285714285714,0.42857142857142855
459,28.862234,28.018267,0.84396636,0.14285714285714285,0.8571428571428571
460,29.864233,30.91806,-1.0538262,0.8571428571428571,0.14285714285714285
461,29.301334,28.969967,0.33136913,0.5714285714285714,0.42857142857142855
462,29.2111,29.563936,-0.35283798,0.7142857142857143,0.2857142857142857
463,29.635237,28.587755,1.0474837,0.14285714285714285,0.8571428571428571
464,28.600403,27.811441,0.78896415,0.42857142857142855,0.5714285714285714
465,31.009304,29.703335,1.3059701,0.0,1.0
466,29.359325,27.98102,1.3783044,0.2857142857142857,0.7142857142857143
467,30.471241,29.540699,0.9305428,0.14285714285714285,0.8571428571428571
468,29.844742,28.987453,0.85728866,0.14285714285714285,0.8571428571428571
469,30.61941,29.56045,1.0589608,0.2857142857142857,0.7142857142857143
470,30.322058,31.838228,-1.5161686,1.0,0.0
471,30.154297,29.807673,0.346626,0.42857142857142855,0.5714285714285714
472,30.526136,29.539354,0.9867791,0.14285714285714285,0.8571428571428571
473,29.563822,28.055079,1.5087382,0.14285714285714285,0.8571428571428571
474,30.290714,30.035059,0.25565475,0.2857142857142857,0.7142857142857143
475,29.257349,30.153698,-0.89635056,0.7142857142857143,0.2857142857142857
476,29.32417,29.236021,0.08814812,0.42857142857142855,0.5714285714285714
477,30.544907,29.268808,1.2760966,0.14285714285714285,0.8571428571428571
478,30.597992,28.89876,1.6992321,0.0,1.0
479,30.939436,29.495422,1.4440144,0.14285714285714285,0.8571428571428571
480,30.410284,29.93638,0.4739042,0.2857142857142857,0.7142857142857143
481,30.038034,28.92713,1.1109025,0.2857142857142857,0.7142857142857143
482,31.121006,29.435377,1.6856291,0.14285714285714285,0.8571428571428571
483,30.389475,29.704708,0.68476707,0.14285714285714285,0.8571428571428571
484,30.996347,31.053177,-0.05683136,0.42857142857142855,0.5714285714285714
485,30.03636,30.21499,-0.17862974,0.2857142857142857,0.7142857142857143
486,29.646284,28.540874,1.1054102,0.0,1.0
487,30.66428,29.11011,1.5541706,0.0,1.0
488,30.085041,29.133677,0.95136833,0.14285714285714285,0.8571428571428571
489,30.319736,29.996618,0.32312065,0.7142857142857143,0.2857142857142857
490,28.947323,27.713367,1.2339545,0.0,1.0
491,28.984928,29.07306,-0.08813204,0.5714285714285714,0.42857142857142855
492,30.556871,28.208485,2.3483884,0.0,1.0
493,29.909428,30.349699,-0.4402692,0.7142857142857143,0.2857142857142857
494,29.68887,29.541807,0.14706095,0.42857142857142855,0.5714285714285714
495,29.490644,28.075937,1.4147083,0.14285714285714285,0.8571428571428571
496,30.59022,29.368664,1.221554,0.14285714285714285,0.8571428571428571
497,30.394306,28.746202,1.6481024,0.14285714285714285,0.8571428571428571
498,30.971859,30.22269,0.7491649,0.14285714285714285,0.8571428571428571
499,31.98559,30.179379,1.8062131,0.0,1.0
500,29.871405,27.627773,2.243633,0.0,1.0
501,28.88522,28.098875,0.7863459,0.14285714285714285,0.8571428571428571
502,29.53078,29.641275,-0.11049162,0.42857142857142855,0.5714285714285714
503,28.86052,28.661304,0.19921494,0.7142857142857143,0.2857142857142857
504,30.629961,29.519712,1.1102505,0.14285714285714285,0.8571428571428571
505,30.076435,30.675776,-0.59933907,0.7142857142857143,0.2857142857142857
506,29.972218,30.379221,-0.40700367,0.7142857142857143,0.2857142857142857
507,30.476017,28.809616,1.6664011,0.0,1.0
508,31.16884,28.222795,2.9460464,0.0,1.0
509,29.87537,31.672863,-1.7974924,1.0,0.0
510,29.95143,28.236776,1.7146503,0.0,1.0
511,30.614948,31.17798,-0.56303054,0.8571428571428571,0.14285714285714285
512,30.338852,29.936563,0.40228817,0.2857142857142857,0.7142857142857143
513,30.1314,28.467106,1.664295,0.0,1.0
514,29.462467,29.182278,0.28018707,0.2857142857142857,0.7142857142857143
515,29.387018,29.208689,0.17833002,0.42857142857142855,0.5714285714285714
516,30.112793,28.891508,1.2212846,0.14285714285714285,0.8571428571428571
517,30.223574,29.20697,1.0166045,0.14285714285714285,0.8571428571428571
518,30.461185,28.137503,2.323683,0.0,1.0
519,30.953579,31.183044,-0.2294663,0.5714285714285714,0.42857142857142855
520,31.19216,31.125628,0.06653077,0.42857142857142855,0.5714285714285714
521,29.321993,28.651,0.6709954,0.42857142857142855,0.5714285714285714
522,31.553074,31.976202,-0.42312977,0.5714285714285714,0.42857142857142855
523,30.336033,28.755716,1.5803163,0.14285714285714285,0.8571428571428571
524,29.738245,29.358225,0.38002124,0.7142857142857143,0.2857142857142857
525,30.93455,31.623077,-0.6885275,0.7142857142857143,0.2857142857142857
526,29.808985,28.502539,1.3064467,0.2857142857142857,0.7142857142857143
527,30.237257,30.245386,-0.00812694,0.5714285714285714,0.42857142857142855
528,29.138708,28.851011,0.28769928,0.42857142857142855,0.5714285714285714
529,30.455542,30.64978,-0.19423893,0.42857142857142855,0.5714285714285714
530,30.860409,29.068415,1.7919935,0.0,1.0
531,29.572863,30.204594,-0.63173264,1.0,0.0
532,30.373,29.11147,1.2615291,0.14285714285714285,0.8571428571428571
533,29.575102,30.016537,-0.44143432,0.5714285714285714,0.42857142857142855
534,29.837082,30.590246,-0.7531648,0.7142857142857143,0.2857142857142857
535,30.369278,29.081202,1.2880791,0.2857142857142857,0.7142857142857143
536,29.541094,29.189121,0.35197613,0.5714285714285714,0.42857142857142855
537,29.138178,29.6571,-0.5189244,0.8571428571428571,0.14285714285714285
538,31.491669,30.016825,1.4748431,0.0,1.0
539,30.317888,29.442783,0.8751052,0.2857142857142857,0.7142857142857143
540,30.626501,28.80206,1.8244451,0.0,1.0
541,31.088556,29.6881,1.400453,0.2857142857142857,0.7142857142857143
542,30.393042,28.609262,1.7837797,0.0,1.0
543,29.341646,29.120996,0.22065271,0.2857142857142857,0.7142857142857143
544,29.490324,29.274824,0.21549988,0.2857142857142857,0.7142857142857143
545,28.97973,28.363964,0.6157649,0.42857142857142855,0.5714285714285714
546,29.537477,29.169432,0.3680469,0.5714285714285714,0.42857142857142855
547,29.694937,29.16315,0.5317849,0.42857142857142855,0.5714285714285714
548,29.72269,30.304556,-0.5818694,0.8571428571428571,0.14285714285714285
549,30.83967,29.538754,1.3009145,0.0,1.0
550,29.819323,30.846735,-1.0274086,1.0,0.0
551,30.303602,28.86757,1.4360319,0.14285714285714285,0.8571428571428571
552,29.599794,29.328249,0.27154323,0.42857142857142855,0.5714285714285714
553,29.977201,29.283068,0.69413376,0.5714285714285714,0.42857142857142855
554,29.929869,28.613752,1.3161144,0.0,1.0
555,29.660099,30.181576,-0.5214757,0.7142857142857143,0.2857142857142857
556,29.981234,30.203308,-0.22207533,0.42857142857142855,0.5714285714285714
557,28.554401,27.735548,0.81885475,0.14285714285714285,0.8571428571428571
558,30.652678,28.769257,1.8834215,0.0,1.0
559,28.89377,30.832556,-1.9387875,1.0,0.0
560,28.710728,27.822495,0.888234,0.14285714285714285,0.8571428571428571
561,30.851429,30.847958,0.003470557,0.42857142857142855,0.5714285714285714
562,29.306057,28.160238,1.1458193,0.14285714285714285,0.8571428571428571
563,30.87276,29.838343,1.0344203,0.14285714285714285,0.8571428571428571
564,29.373037,28.957447,0.41559193,0.2857142857142857,0.7142857142857143
565,30.319431,28.2276,2.0918307,0.14285714285714285,0.8571428571428571
566,29.56595,29.842207,-0.27625737,0.5714285714285714,0.42857142857142855
567,29.8682,29.039536,0.8286648,0.2857142857142857,0.7142857142857143
568,31.454031,31.768063,-0.3140324,0.8571428571428571,0.14285714285714285
569,31.091671,29.12464,1.967029,0.0,1.0
570,29.498333,28.62602,0.8723098,0.14285714285714285,0.8571428571428571
571,30.240215,29.669918,0.57029694,0.5714285714285714,0.42857142857142855
572,30.355337,29.381693,0.97364646,0.14285714285714285,0.8571428571428571
573,30.442703,29.085287,1.3574136,0.14285714285714285,0.8571428571428571
574,28.680485,28.553797,0.12668936,0.2857142857142857,0.7142857142857143
575,30.262583,30.057953,0.20463207,0.42857142857142855,0.5714285714285714
576,29.744383,30.63349,-0.8891081,1.0,0.0
577,30.932743,30.965841,-0.033100944,0.5714285714285714,0.42857142857142855
578,29.59947,30.640234,-1.0407658,0.8571428571428571,0.14285714285714285
579,30.092936,30.02373,0.06920242,0.5714285714285714,0.42857142857142855
580,29.671604,30.044998,-0.37339047,0.7142857142857143,0.2857142857142857
581,29.871159,28.358171,1.5129888,0.0,1.0
582,32.06261,29.141127,2.9214814,0.0,1.0
583,30.024872,29.107546,0.9173246,0.14285714285714285,0.8571428571428571
584,30.896893,30.45241,0.44448143,0.14285714285714285,0.8571428571428571
585,29.156796,28.237951,0.9188423,0.14285714285714285,0.8571428571428571
586,31.14784,29.860676,1.2871653,0.0,1.0
587,30.175047,30.12615,0.048894066,0.42857142857142855,0.5714285714285714
588,30.536137,29.466259,1.0698785,0.0,1.0
589,29.88779,28.64995,1.2378442,0.14285714285714285,0.8571428571428571
590,29.756666,29.746332,0.010332652,0.5714285714285714,0.42857142857142855
591,29.460772,29.46408,-0.00330816,0.7142857142857143,0.2857142857142857
592,29.750261,29.480938,0.26932716,0.5714285714285714,0.42857142857142855
593,29.726221,28.627773,1.0984472,0.14285714285714285,0.8571428571428571
594,29.230978,28.05637,1.1746072,0.14285714285714285,0.8571428571428571
595,28.969547,28.829657,0.13989122,0.42857142857142855,0.5714285714285714
596,29.277023,29.242884,0.034139633,0.5714285714285714,0.42857142857142855
597,30.717184,30.37321,0.3439729,0.5714285714285714,0.42857142857142855
598,29.792969,28.682169,1.1108,0.14285714285714285,0.8571428571428571
599,29.731585,29.264225,0.4673609,0.42857142857142855,0.5714285714285714
600,30.53483,29.620855,0.9139718,0.14285714285714285,0.8571428571428571
601,31.101439,29.950739,1.1506985,0.14285714285714285,0.8571428571428571
602,28.90384,31.996462,-3.0926228,1.0,0.0
603,30.202862,30.208897,-0.006035396,0.42857142857142855,0.5714285714285714
604,30.876675,31.18201,-0.30533737,0.7142857142857143,0.2857142857142857
605,29.515833,28.382109,1.1337278,0.2857142857142857,0.7142857142857143
606,30.656942,29.202908,1.454034,0.14285714285714285,0.8571428571428571
607,30.13286,28.96552,1.1673421,0.0,1.0
608,29.29481,28.47526,0.819549,0.2857142857142857,0.7142857142857143
609,30.96377,30.509628,0.45414242,0.42857142857142855,0.5714285714285714
610,29.442343,29.191301,0.25104195,0.42857142857142855,0.5714285714285714
611,30.382956,31.756577,-1.3736229,0.7142857142857143,0.2857142857142857
612,31.242971,28.9608,2.2821712,0.0,1.0
613,31.885529,30.378857,1.5066708,0.0,1.0
614,29.174723,30.399494,-1.2247759,1.0,0.0
615,30.485666,29.311476,1.1741908,0.14285714285714285,0.8571428571428571
616,30.906296,29.258728,1.6475694,0.0,1.0
617,31.6491,29.90399,1.7451117,0.14285714285714285,0.8571428571428571
618,29.294916,29.595417,-0.3005006,0.42857142857142855,0.5714285714285714
619,30.028036,31.914293,-1.8862544,1.0,0.0
620,29.946487,28.104822,1.8416669,0.0,1.0
621,30.638397,28.788412,1.8499895,0.0,1.0
622,29.990902,29.498753,0.49214855,0.2857142857142857,0.7142857142857143
623,29.698885,29.330893,0.3679894,0.5714285714285714,0.42857142857142855
624,30.713207,28.749973,1.9632334,0.0,1.0
625,30.221045,29.30705,0.91399544,0.0,1.0
626,30.030798,30.762669,-0.73187065,0.5714285714285714,0.42857142857142855
627,31.05058,31.752096,-0.7015155,0.7142857142857143,0.2857142857142857
628,30.94494,28.923824,2.0211146,0.0,1.0
629,30.09643,30.296309,-0.19987623,0.7142857142857143,0.2857142857142857
630,30.484,29.05148,1.4325231,0.0,1.0
631,30.574308,29.463251,1.1110598,0.0,1.0
632,30.352062,29.401628,0.95043343,0.14285714285714285,0.8571428571428571
633,30.473034,30.353943,0.11909376,0.42857142857142855,0.5714285714285714
634,30.134783,28.646479,1.4883033,0.14285714285714285,0.8571428571428571
635,30.670176,31.197954,-0.52778244,0.7142857142857143,0.2857142857142857
636,28.693823,28.694504,-0.0006792886,0.42857142857142855,0.5714285714285714
637,29.774319,29.506023,0.2682931,0.2857142857142857,0.7142857142857143
638,30.49321,30.13981,0.353402,0.42857142857142855,0.5714285714285714
639,29.97302,29.875748,0.0972726,0.2857142857142857,0.7142857142857143
640,27.871002,27.832167,0.038835254,0.42857142857142855,0.5714285714285714
641,30.624172,28.309282,2.3148859,0.0,1.0
642,29.893938,28.575985,1.3179567,0.2857142857142857,0.7142857142857143
643,30.77128,29.352718,1.4185625,0.0,1.0
644,30.014282,29.69701,0.31727028,0.42857142857142855,0.5714285714285714
645,29.914625,28.984354,0.93027306,0.2857142857142857,0.7142857142857143
646,29.568922,29.07432,0.49460384,0.2857142857142857,0.7142857142857143
647,29.08614,30.161404,-1.0752623,0.8571428571428571,0.14285714285714285
648,31.859297,30.361986,1.4973074,0.0,1.0
649,30.704256,29.694834,1.0094234,0.2857142857142857,0.7142857142857143
650,29.403103,29.85281,-0.4497065,0.5714285714285714,0.42857142857142855
651,31.184544,29.615118,1.5694269,0.0,1.0
652,30.251797,28.816029,1.4357684,0.14285714285714285,0.8571428571428571
653,30.11346,29.136156,0.977302,0.14285714285714285,0.8571428571428571
654,29.905924,31.558313,-1.6523914,0.8571428571428571,0.14285714285714285
655,29.735186,28.505713,1.2294723,0.2857142857142857,0.7142857142857143
656,29.69185,28.90072,0.7911295,0.2857142857142857,0.7142857142857143
657,29.512968,29.047436,0.46553203,0.2857142857142857,0.7142857142857143
658,30.19717,28.970066,1.2270998,0.2857142857142857,0.7142857142857143
659,29.439997,28.602118,0.8378781,0.14285714285714285,0.8571428571428571
660,30.162989,29.345718,0.8172706,0.14285714285714285,0.8571428571428571
661,30.427664,31.814016,-1.3863528,0.8571428571428571,0.14285714285714285
662,29.822985,28.5918,1.231184,0.0,1.0
663,29.942926,29.094828,0.84810287,0.2857142857142857,0.7142857142857143
664,30.295736,28.76239,1.5333456,0.14285714285714285,0.8571428571428571
665,29.822021,32.248302,-2.4262812,1.0,0.0
666,30.57446,29.797318,0.7771438,0.0,1.0
667,31.31839,29.649767,1.6686205,0.0,1.0
668,29.835722,28.83761,0.9981117,0.14285714285714285,0.8571428571428571
669,30.867144,30.993647,-0.12650435,0.5714285714285714,0.42857142857142855
670,30.564474,30.581823,-0.017349789,0.42857142857142855,0.5714285714285714
671,30.396845,28.291464,2.1053786,0.14285714285714285,0.8571428571428571
672,30.283247,28.422115,1.861133,0.0,1.0
673,30.099474,29.213581,0.88589317,0.2857142857142857,0.7142857142857143
674,29.344805,29.499716,-0.15490995,0.2857142857142857,0.7142857142857143
675,30.266802,30.53348,-0.26668003,0.5714285714285714,0.42857142857142855
676,30.625809,30.367565,0.258246,0.42857142857142855,0.5714285714285714
677,30.477583,28.9241,1.5534807,0.0,1.0
678,30.850851,29.258488,1.5923636,0.14285714285714285,0.8571428571428571
679,30.287731,31.62251,-1.3347838,0.8571428571428571,0.14285714285714285
680,29.592941,28.330639,1.2623041,0.2857142857142857,0.7142857142857143
681,30.31367,29.043262,1.270407,0.14285714285714285,0.8571428571428571
682,30.079645,30.165766,-0.086118154,0.5714285714285714,0.42857142857142855
683,30.12327,29.399332,0.723935,0.2857142857142857,0.7142857142857143
684,30.666458,29.678202,0.98825645,0.2857142857142857,0.7142857142857143
685,29.66947,29.623753,0.045716148,0.2857142857142857,0.7142857142857143
686,30.48524,30.351536,0.13370378,0.42857142857142855,0.5714285714285714
687,31.12146,30.783186,0.33827427,0.42857142857142855,0.5714285714285714
688,30.740856,29.612812,1.1280414,0.14285714285714285,0.8571428571428571
689,30.320082,30.533077,-0.21299253,0.5714285714285714,0.42857142857142855
690,29.59781,29.305511,0.2922998,0.42857142857142855,0.5714285714285714
691,30.086618,31.210546,-1.1239306,0.8571428571428571,0.14285714285714285
692,30.52355,29.47484,1.0487126,0.0,1.0
693,30.156279,30.305506,-0.14922632,0.7142857142857143,0.2857142857142857
694,30.343443,28.904417,1.4390256,0.0,1.0
695,29.93797,28.728191,1.2097776,0.0,1.0
696,30.018717,29.15927,0.8594478,0.2857142857142857,0.7142857142857143
697,29.056461,28.221785,0.8346759,0.2857142857142857,0.7142857142857143
698,29.916975,29.644526,0.2724495,0.42857142857142855,0.5714285714285714
699,30.347855,29.897068,0.45078522,0.42857142857142855,0.5714285714285714
700,31.204758,30.232176,0.9725827,0.0,1.0
701,30.15463,30.822891,-0.66826165,0.7142857142857143,0.2857142857142857
702,29.95677,29.24274,0.7140288,0.14285714285714285,0.8571428571428571
703,30.31358,29.726105,0.58747345,0.42857142857142855,0.5714285714285714
704,29.761654,29.770212,-0.008558273,0.5714285714285714,0.42857142857142855
705,29.660963,29.650404,0.010560172,0.42857142857142855,0.5714285714285714
706,30.329525,29.325794,1.0037278,0.14285714285714285,0.8571428571428571
707,30.800335,29.771978,1.0283552,0.42857142857142855,0.5714285714285714
708,29.556936,28.198975,1.3579617,0.14285714285714285,0.8571428571428571
709,30.402073,31.007345,-0.6052723,0.5714285714285714,0.42857142857142855
710,30.923557,29.68822,1.2353365,0.2857142857142857,0.7142857142857143
711,29.578526,28.390951,1.1875757,0.0,1.0
712,30.9079,29.249533,1.6583647,0.0,1.0
713,29.90315,28.6969,1.2062511,0.14285714285714285,0.8571428571428571
714,31.360321,29.899508,1.4608146,0.0,1.0
715,29.502172,28.890703,0.6114701,0.2857142857142857,0.7142857142857143
716,29.957493,28.901445,1.0560496,0.2857142857142857,0.7142857142857143
717,30.259775,29.5687,0.69107383,0.14285714285714285,0.8571428571428571
718,30.487162,29.452473,1.0346887,0.14285714285714285,0.8571428571428571
719,29.368826,29.490992,-0.1221665,0.5714285714285714,0.42857142857142855
720,30.228807,29.557405,0.6714023,0.42857142857142855,0.5714285714285714
721,30.080967,28.55981,1.5211571,0.0,1.0
722,30.789244,29.973545,0.81569564,0.0,1.0
723,30.68657,28.626474,2.0600975,0.0,1.0
724,29.836151,29.830797,0.0053520203,0.2857142857142857,0.7142857142857143
725,30.44595,30.126408,0.3195422,0.2857142857142857,0.7142857142857143
726,29.95866,29.691774,0.2668844,0.42857142857142855,0.5714285714285714
727,30.670551,29.360569,1.309981,0.14285714285714285,0.8571428571428571
728,29.358118,27.899382,1.4587381,0.14285714285714285,0.8571428571428571
729,30.610159,30.204922,0.40523666,0.2857142857142857,0.7142857142857143
730,29.296604,29.12842,0.16818401,0.14285714285714285,0.8571428571428571
731,30.590029,29.154997,1.435033,0.14285714285714285,0.8571428571428571
732,30.02274,28.996014,1.0267309,0.14285714285714285,0.8571428571428571
733,31.292826,29.500774,1.7920502,0.0,1.0
734,29.326351,29.785177,-0.45882824,0.7142857142857143,0.2857142857142857
735,31.181665,29.203281,1.9783823,0.0,1.0
736,30.332794,29.653103,0.6796924,0.2857142857142857,0.7142857142857143
737,29.664982,30.39155,-0.7265685,0.8571428571428571,0.14285714285714285
738,29.862488,29.650202,0.21228682,0.42857142857142855,0.5714285714285714
739,30.683306,31.364624,-0.68131745,0.8571428571428571,0.14285714285714285
740,30.10764,29.693375,0.4142644,0.2857142857142857,0.7142857142857143
741,31.096582,29.963266,1.1333158,0.14285714285714285,0.8571428571428571
742,29.027817,28.043394,0.9844249,0.42857142857142855,0.5714285714285714
743,30.122484,29.037245,1.0852438,0.14285714285714285,0.8571428571428571
744,29.82847,29.684858,0.14361326,0.42857142857142855,0.5714285714285714
745,29.436657,28.406433,1.030223,0.2857142857142857,0.7142857142857143
746,29.895473,28.930086,0.96538955,0.2857142857142857,0.7142857142857143
747,30.058851,29.239355,0.8194972,0.42857142857142855,0.5714285714285714
748,30.50208,30.170885,0.33120018,0.14285714285714285,0.8571428571428571
749,29.486517,28.812061,0.6744567,0.42857142857142855,0.5714285714285714
750,28.963312,28.37218,0.5911323,0.14285714285714285,0.8571428571428571
751,29.579638,29.289068,0.29057258,0.42857142857142855,0.5714285714285714
752,29.424763,28.765738,0.6590285,0.2857142857142857,0.7142857142857143
753,29.353256,28.853258,0.49999973,0.42857142857142855,0.5714285714285714
754,29.9419,31.359491,-1.4175909,1.0,0.0
755,29.141495,29.348759,-0.20726313,0.42857142857142855,0.5714285714285714
756,29.698574,30.278255,-0.57968,0.7142857142857143,0.2857142857142857
757,28.988417,27.760378,1.228042,0.14285714285714285,0.8571428571428571
758,30.53707,28.074392,2.462679,0.0,1.0
759,30.142063,28.963547,1.1785156,0.2857142857142857,0.7142857142857143
760,30.709223,30.52515,0.18407305,0.2857142857142857,0.7142857142857143
761,30.604366,28.905794,1.6985692,0.0,1.0
762,29.95629,29.872358,0.08393506,0.42857142857142855,0.5714285714285714
763,30.798777,30.174652,0.62412536,0.2857142857142857,0.7142857142857143
764,30.711308,29.215689,1.4956188,0.0,1.0
765,30.987576,31.194683,-0.2071081,0.42857142857142855,0.5714285714285714
766,29.892836,31.010376,-1.1175398,1.0,0.0
767,29.248953,29.121038,0.12791334,0.5714285714285714,0.42857142857142855
768,30.785736,30.918322,-0.13258852,0.42857142857142855,0.5714285714285714
769,30.091963,30.077772,0.014191219,0.5714285714285714,0.42857142857142855
770,30.221212,28.887533,1.3336798,0.0,1.0
771,31.208664,28.991987,2.216679,0.0,1.0
772,29.961466,28.623484,1.3379805,0.14285714285714285,0.8571428571428571
773,30.1309,29.639769,0.491133,0.5714285714285714,0.42857142857142855
774,29.51686,29.942059,-0.42519897,0.8571428571428571,0.14285714285714285
775,29.445255,30.361486,-0.9162284,0.7142857142857143,0.2857142857142857
776,30.400198,28.957447,1.4427528,0.14285714285714285,0.8571428571428571
777,30.426115,30.768188,-0.34207425,0.7142857142857143,0.2857142857142857
778,30.286089,28.793474,1.4926158,0.0,1.0
779,29.964458,29.094257,0.87019974,0.14285714285714285,0.8571428571428571
780,30.23724,30.0652,0.17203848,0.2857142857142857,0.7142857142857143
781,29.849356,29.781511,0.06784793,0.42857142857142855,0.5714285714285714
782,31.033497,30.437572,0.5959247,0.14285714285714285,0.8571428571428571
783,30.21179,28.085697,2.1260915,0.0,1.0
784,30.112646,30.227995,-0.11534582,0.7142857142857143,0.2857142857142857
785,30.948702,29.18859,1.7601106,0.0,1.0
786,29.469496,27.326403,2.1430943,0.0,1.0
787,30.593943,31.490849,-0.8969094,0.8571428571428571,0.14285714285714285
788,29.953749,29.108961,0.8447887,0.0,1.0
789,29.575926,29.513805,0.06212316,0.2857142857142857,0.7142857142857143
790,30.123922,29.342012,0.7819124,0.2857142857142857,0.7142857142857143
791,29.54487,28.06397,1.4808987,0.2857142857142857,0.7142857142857143
792,29.604776,28.733654,0.87112075,0.2857142857142857,0.7142857142857143
793,29.810724,29.312529,0.49819538,0.42857142857142855,0.5714285714285714
794,29.902552,29.379374,0.5231797,0.14285714285714285,0.8571428571428571
795,29.2479,29.340302,-0.092402324,0.5714285714285714,0.42857142857142855
796,30.760027,31.75041,-0.99038506,1.0,0.0
797,30.721842,30.67612,0.045721326,0.7142857142857143,0.2857142857142857
798,30.318102,29.727188,0.5909154,0.14285714285714285,0.8571428571428571
799,29.80433,29.177265,0.627061,0.42857142857142855,0.5714285714285714
800,31.381052,30.65622,0.72483116,0.2857142857142857,0.7142857142857143
801,29.791172,29.428299,0.3628761,0.42857142857142855,0.5714285714285714
802,29.822184,29.731998,0.090185165,0.5714285714285714,0.42857142857142855
803,29.151485,29.31467,-0.1631813,0.7142857142857143,0.2857142857142857
804,30.281881,28.328104,1.9537767,0.0,1.0
805,30.932764,29.176928,1.7558354,0.0,1.0
806,29.847383,29.420929,0.426457,0.2857142857142857,0.7142857142857143
807,29.075161,27.410273,1.6648884,0.0,1.0
808,30.118332,30.346197,-0.2278663,0.5714285714285714,0.42857142857142855
809,29.633265,29.167349,0.46591297,0.42857142857142855,0.5714285714285714
810,30.539852,29.093946,1.4459035,0.14285714285714285,0.8571428571428571
811,30.520248,30.593552,-0.07330295,0.42857142857142855,0.5714285714285714
812,30.752089,29.844648,0.9074405,0.14285714285714285,0.8571428571428571
813,29.419956,29.70334,-0.28338543,0.7142857142857143,0.2857142857142857
814,29.717257,29.082035,0.63521874,0.42857142857142855,0.5714285714285714
815,31.746527,29.744005,2.002523,0.14285714285714285,0.8571428571428571
816,30.296568,29.79566,0.5009046,0.5714285714285714,0.42857142857142855
817,30.724356,29.084444,1.6399127,0.0,1.0
818,30.295115,29.466932,0.82818305,0.14285714285714285,0.8571428571428571
819,30.196823,29.53023,0.6665949,0.2857142857142857,0.7142857142857143
820,30.235199,29.920746,0.31445393,0.42857142857142855,0.5714285714285714
821,29.885218,30.426937,-0.5417175,0.8571428571428571,0.14285714285714285
822,30.004612,28.97958,1.0250326,0.14285714285714285,0.8571428571428571
823,29.893158,29.13317,0.7599858,0.14285714285714285,0.8571428571428571
824,31.164034,30.057138,1.1068971,0.14285714285714285,0.8571428571428571
825,30.03558,29.453676,0.5819024,0.2857142857142857,0.7142857142857143
826,29.360714,30.203901,-0.84318954,0.7142857142857143,0.2857142857142857
827,29.403124,31.345854,-1.9427302,1.0,0.0
828,30.821949,30.099531,0.72242004,0.14285714285714285,0.8571428571428571
829,31.02271,29.004269,2.0184407,0.0,1.0
830,29.707853,29.765976,-0.058125906,0.7142857142857143,0.2857142857142857
831,29.877111,29.159327,0.7177887,0.2857142857142857,0.7142857142857143
832,29.969019,29.30868,0.66033554,0.14285714285714285,0.8571428571428571
833,30.523272,29.544828,0.9784461,0.14285714285714285,0.8571428571428571
834,30.66455,30.147623,0.51692665,0.42857142857142855,0.5714285714285714
835,29.99701,29.047564,0.9494457,0.42857142857142855,0.5714285714285714
836,30.59064,30.994064,-0.40342495,0.5714285714285714,0.42857142857142855
837,28.69774,30.109653,-1.4119099,0.8571428571428571,0.14285714285714285
838,29.606144,29.15398,0.4521637,0.2857142857142857,0.7142857142857143
839,29.548471,28.710253,0.8382171,0.14285714285714285,0.8571428571428571
840,30.107151,30.52432,-0.41717094,0.8571428571428571,0.14285714285714285
841,29.950472,30.635113,-0.6846379,0.8571428571428571,0.14285714285714285
842,29.116987,30.557652,-1.4406662,0.7142857142857143,0.2857142857142857
843,30.266037,29.528004,0.7380374,0.14285714285714285,0.8571428571428571
844,29.508875,30.040386,-0.5315116,0.7142857142857143,0.2857142857142857
845,30.244406,29.705553,0.5388527,0.42857142857142855,0.5714285714285714
846,29.519272,29.507895,0.0113776075,0.5714285714285714,0.42857142857142855
847,29.246378,28.816288,0.43008804,0.42857142857142855,0.5714285714285714
848,30.576675,29.180374,1.3963004,0.14285714285714285,0.8571428571428571
849,30.341394,30.168901,0.17249025,0.42857142857142855,0.5714285714285714
850,29.73509,30.558916,-0.82382476,0.8571428571428571,0.14285714285714285
851,29.927273,29.249638,0.6776314,0.2857142857142857,0.7142857142857143
852,29.677416,29.92651,-0.24909101,0.7142857142857143,0.2857142857142857
853,31.025526,29.930006,1.0955187,0.0,1.0
854,29.156155,28.207214,0.94893754,0.0,1.0
855,29.926943,29.00147,0.92547226,0.2857142857142857,0.7142857142857143
856,29.441423,29.188002,0.2534226,0.42857142857142855,0.5714285714285714
857,29.825224,29.275652,0.5495742,0.2857142857142857,0.7142857142857143
858,30.418274,30.046345,0.37193054,0.2857142857142857,0.7142857142857143
859,30.146082,29.308039,0.8380432,0.2857142857142857,0.7142857142857143
860,30.57999,29.180708,1.3992811,0.14285714285714285,0.8571428571428571
861,30.149952,29.227884,0.9220687,0.2857142857142857,0.7142857142857143
862,30.154617,30.270842,-0.11622401,0.5714285714285714,0.42857142857142855
863,30.716593,32.130466,-1.4138712,1.0,0.0
864,29.132395,29.197931,-0.06553786,0.7142857142857143,0.2857142857142857
865,29.732908,28.58367,1.1492364,0.2857142857142857,0.7142857142857143
866,28.860672,29.916208,-1.0555371,0.7142857142857143,0.2857142857142857
867,29.847,29.081488,0.7655111,0.42857142857142855,0.5714285714285714
868,31.353241,31.146162,0.20708111,0.2857142857142857,0.7142857142857143
869,29.002462,28.798218,0.20424707,0.42857142857142855,0.5714285714285714
870,29.877167,29.05569,0.82147735,0.14285714285714285,0.8571428571428571
871,30.342411,30.22696,0.1154529,0.42857142857142855,0.5714285714285714
872,29.779446,28.256992,1.5224535,0.0,1.0
873,30.972776,29.904371,1.0684065,0.14285714285714285,0.8571428571428571
874,30.171862,29.873793,0.29806927,0.42857142857142855,0.5714285714285714
875,30.347971,31.423597,-1.0756291,0.8571428571428571,0.14285714285714285
876,30.711084,30.757767,-0.04668372,0.5714285714285714,0.42857142857142855
877,31.277431,30.8085,0.46893337,0.5714285714285714,0.42857142857142855
878,29.813412,28.83901,0.97440064,0.14285714285714285,0.8571428571428571
879,29.352217,29.346767,0.0054501123,0.7142857142857143,0.2857142857142857
880,30.63185,31.087626,-0.4557751,0.8571428571428571,0.14285714285714285
881,30.394405,29.07055,1.3238523,0.0,1.0
882,29.375185,29.456852,-0.08166831,0.5714285714285714,0.42857142857142855
883,29.88011,30.391796,-0.5116858,0.7142857142857143,0.2857142857142857
884,30.212282,28.399841,1.8124398,0.14285714285714285,0.8571428571428571
885,30.99357,30.833645,0.1599271,0.2857142857142857,0.7142857142857143
886,28.803356,28.17532,0.6280354,0.2857142857142857,0.7142857142857143
887,30.26317,28.869415,1.3937544,0.0,1.0
888,28.953775,30.865572,-1.9117979,1.0,0.0
889,29.921137,28.355688,1.5654474,0.14285714285714285,0.8571428571428571
890,31.332918,30.20481,1.1281079,0.14285714285714285,0.8571428571428571
891,31.33371,30.075636,1.258076,0.14285714285714285,0.8571428571428571
892,28.554241,27.853077,0.70116127,0.14285714285714285,0.8571428571428571
893,29.994791,30.05814,-0.063349314,0.5714285714285714,0.42857142857142855
894,29.571106,30.63476,-1.0636529,1.0,0.0
895,30.498606,29.296366,1.2022427,0.14285714285714285,0.8571428571428571
896,29.990631,30.891226,-0.90059525,0.7142857142857143,0.2857142857142857
897,28.66279,28.444824,0.21796608,0.5714285714285714,0.42857142857142855
898,30.048513,29.925062,0.12345232,0.42857142857142855,0.5714285714285714
899,29.393738,28.38088,1.0128574,0.42857142857142855,0.5714285714285714
900,30.62649,30.729721,-0.10323416,0.42857142857142855,0.5714285714285714
901,28.503485,27.267214,1.2362722,0.0,1.0
902,29.51562,27.714176,1.8014439,0.14285714285714285,0.8571428571428571
903,30.761347,30.925884,-0.16453417,0.5714285714285714,0.42857142857142855
904,29.773088,28.979513,0.7935715,0.14285714285714285,0.8571428571428571
905,29.999884,29.982115,0.017768042,0.7142857142857143,0.2857142857142857
906,30.394016,29.22897,1.1650465,0.14285714285714285,0.8571428571428571
907,29.852285,30.635698,-0.78341323,0.8571428571428571,0.14285714285714285
908,31.238462,29.887613,1.3508494,0.14285714285714285,0.8571428571428571
909,28.653133,28.667355,-0.014220374,0.5714285714285714,0.42857142857142855
910,30.455252,28.059423,2.3958287,0.14285714285714285,0.8571428571428571
911,29.746836,28.91365,0.8331819,0.42857142857142855,0.5714285714285714
912,30.480856,29.135376,1.34548,0.0,1.0
913,30.849562,30.552694,0.29686546,0.42857142857142855,0.5714285714285714
914,30.548935,29.108875,1.4400599,0.0,1.0
915,29.592121,29.120996,0.47112656,0.42857142857142855,0.5714285714285714
916,29.803532,30.9622,-1.1586664,0.8571428571428571,0.14285714285714285
917,29.826498,29.452213,0.374285,0.2857142857142857,0.7142857142857143
918,30.618681,30.890856,-0.27217564,0.5714285714285714,0.42857142857142855
919,29.660238,29.113745,0.54649353,0.14285714285714285,0.8571428571428571
920,30.46545,31.198156,-0.7327102,0.7142857142857143,0.2857142857142857
921,29.170965,30.215988,-1.0450224,1.0,0.0
922,31.0148,29.250757,1.7640438,0.0,1.0
923,29.433409,29.062443,0.37096733,0.5714285714285714,0.42857142857142855
924,29.555637,30.04306,-0.4874232,0.8571428571428571,0.14285714285714285
925,30.855839,31.501463,-0.645625,0.7142857142857143,0.2857142857142857
926,30.113222,29.700274,0.41294643,0.42857142857142855,0.5714285714285714
927,30.31363,30.830217,-0.51658905,0.5714285714285714,0.42857142857142855
928,30.5818,28.801517,1.7802808,0.0,1.0
929,30.135649,29.735056,0.4005928,0.42857142857142855,0.5714285714285714
930,31.0313,31.63867,-0.6073701,0.7142857142857143,0.2857142857142857
931,30.118364,27.788698,2.3296647,0.0,1.0
932,30.503523,30.56938,-0.065855026,0.5714285714285714,0.42857142857142855
933,30.28816,30.337122,-0.04895919,0.5714285714285714,0.42857142857142855
934,29.221851,29.604067,-0.38221878,0.42857142857142855,0.5714285714285714
935,28.788494,29.658588,-0.870094,1.0,0.0
936,29.465284,28.202541,1.2627449,0.2857142857142857,0.7142857142857143
937,29.71232,28.635084,1.0772394,0.2857142857142857,0.7142857142857143
938,30.418074,30.747496,-0.32942364,0.7142857142857143,0.2857142857142857
939,30.172882,31.547953,-1.3750695,1.0,0.0
940,30.525555,30.123632,0.40191978,0.42857142857142855,0.5714285714285714
941,29.965654,29.385288,0.58036643,0.42857142857142855,0.5714285714285714
942,30.149021,29.840672,0.30834717,0.42857142857142855,0.5714285714285714
943,29.911203,30.77335,-0.86214966,0.8571428571428571,0.14285714285714285
944,30.445728,29.682556,0.7631694,0.2857142857142857,0.7142857142857143
945,30.380201,29.552355,0.82784325,0.2857142857142857,0.7142857142857143
946,30.502354,30.312654,0.18970081,0.42857142857142855,0.5714285714285714
947,31.911129,29.1338,2.7773297,0.0,1.0
948,30.92615,29.830166,1.0959835,0.14285714285714285,0.8571428571428571
949,30.065197,29.899673,0.16552544,0.5714285714285714,0.42857142857142855
950,30.011902,29.269823,0.7420774,0.42857142857142855,0.5714285714285714
951,29.959583,28.589558,1.3700262,0.0,1.0
952,30.819164,30.694609,0.124556676,0.42857142857142855,0.5714285714285714
953,29.464293,28.74112,0.72317314,0.2857142857142857,0.7142857142857143
954,30.032589,30.349026,-0.31643814,0.5714285714285714,0.42857142857142855
955,30.567648,30.113062,0.4545901,0.2857142857142857,0.7142857142857143
956,29.687115,29.516329,0.17078508,0.5714285714285714,0.42857142857142855
957,29.483305,30.745184,-1.26188,0.8571428571428571,0.14285714285714285
958,30.254774,29.509823,0.74495316,0.42857142857142855,0.5714285714285714
959,29.603977,31.443197,-1.8392171,0.8571428571428571,0.14285714285714285
960,30.504992,28.608175,1.896819,0.0,1.0
961,30.221252,30.733753,-0.51250297,0.7142857142857143,0.2857142857142857
962,29.814684,29.016993,0.7976924,0.42857142857142855,0.5714285714285714
963,29.358294,29.395594,-0.03729793,0.5714285714285714,0.42857142857142855
964,30.432848,32.273933,-1.8410819,1.0,0.0
965,30.176853,28.959585,1.2172688,0.14285714285714285,0.8571428571428571
966,29.605116,28.601088,1.0040292,0.0,1.0
967,29.773502,31.381138,-1.6076368,1.0,0.0
968,30.01819,28.7806,1.2375944,0.2857142857142857,0.7142857142857143
969,30.215418,29.40102,0.8143959,0.14285714285714285,0.8571428571428571
970,29.727127,28.590555,1.1365763,0.14285714285714285,0.8571428571428571
971,29.856977,28.837637,1.019343,0.2857142857142857,0.7142857142857143
972,30.184612,29.633358,0.55125207,0.42857142857142855,0.5714285714285714
973,29.325605,29.82463,-0.4990248,0.5714285714285714,0.42857142857142855
974,30.88621,30.318531,0.56767654,0.2857142857142857,0.7142857142857143
975,29.105549,27.866848,1.2387028,0.14285714285714285,0.8571428571428571
976,30.340948,29.764605,0.57634324,0.14285714285714285,0.8571428571428571
977,31.115828,29.600128,1.5156991,0.0,1.0
978,30.900696,28.287264,2.6134317,0.0,1.0
979,29.627592,29.751102,-0.12351118,0.42857142857142855,0.5714285714285714
980,29.850107,30.366922,-0.51681817,0.5714285714285714,0.42857142857142855
981,31.336395,30.257528,1.0788653,0.2857142857142857,0.7142857142857143
982,30.392317,28.610851,1.7814672,0.0,1.0
983,29.900242,29.0592,0.84104156,0.14285714285714285,0.8571428571428571
984,30.5094,29.474222,1.035181,0.14285714285714285,0.8571428571428571
985,29.20258,28.468082,0.73449653,0.2857142857142857,0.7142857142857143
986,30.429768,29.79143,0.63834053,0.14285714285714285,0.8571428571428571
987,29.938002,29.554705,0.38329777,0.42857142857142855,0.5714285714285714
988,30.50299,28.751402,1.7515907,0.0,1.0
989,29.940578,29.5737,0.3668785,0.2857142857142857,0.7142857142857143
990,31.061153,31.474783,-0.41363308,0.5714285714285714,0.42857142857142855
991,28.931833,28.376072,0.55575806,0.2857142857142857,0.7142857142857143
992,29.538214,29.153843,0.38437217,0.14285714285714285,0.8571428571428571
993,30.540129,29.830128,0.7099996,0.14285714285714285,0.8571428571428571
994,28.738596,28.3387,0.3998939,0.2857142857142857,0.7142857142857143
995,29.11571,27.675024,1.4406861,0.0,1.0
996,30.859562,30.499311,0.36025074,0.14285714285714285,0.8571428571428571
997,29.247118,30.100327,-0.85320693,0.8571428571428571,0.14285714285714285
998,30.57496,30.134989,0.43997273,0.2857142857142857,0.7142857142857143
999,29.744898,30.687466,-0.9425673,1.0,0.0
