iteration,mean_failed_near_human,mean_stylized,mean_human_conventional,mean_human_unconventional
0,-0.9403680901952517,0.05179439452671936,0.1821583796349739,0.21310168092236864
1,-0.8977053545439543,0.1891908059457116,0.3526838980983809,0.09961252634807041
2,-0.5407656023322646,0.194056358698217,-0.05359790101989028,0.1679143996359784
3,-0.6832036782023387,0.014229035502656131,-0.031000030001867764,0.11616099717712894
4,-1.0008558291892151,-0.3889109448514604,0.38419736551852035,0.21343352139689628
5,-0.49363684650738787,0.38192222005564214,-0.10421067276475206,-0.2673101842696052
6,-0.8540415009984516,0.14496673061564191,0.03314099459607293,-0.15454090914229418
7,-0.3713259057764728,0.004525142245283934,-0.20458046076038322,0.04353240368387561
8,-0.5887877834690691,-0.10686234349088251,0.1849578822944056,0.08403633751073733
9,-0.5133551836823951,-0.15724205200866478,-0.024039384989503785,-0.04473579223700887
10,-0.616248827083786,-0.14075478662994084,0.29618630999252316,0.37966696131736705
11,-0.6168615018463395,0.06938180524032413,0.20085173450153684,0.40929657541875175
12,-0.607185657620655,0.3036234686332438,0.031549362837021824,0.5432117352362366
13,-0.7505281047538908,0.061498287784091575,-0.01467271610343284,0.4273066921181793
14,-0.6082090283123204,0.017274212454021894,0.007822026516964922,-0.06792960036556318
15,-0.5270729291394917,0.4630839154761359,0.07606909703427456,-0.24633282400287038
16,-0.8181167047118901,0.1337660618341226,-0.1401420307776557,0.1211958932854459
17,-0.5533198359459879,-0.1620151132285505,-0.36624183042379677,-0.11535403218977791
18,-0.5644001954165156,0.4023725747673423,0.08360808024424125,0.5051303484561537
19,-0.5870419205350819,0.3743944671591278,0.08834290354256923,0.3589188610316474
20,-0.676375970984713,0.09987361869506428,0.41002141498326017,0.18472182192307418
21,-0.10484739941773989,-0.6490717925065551,0.09657371105471713,0.07563173021693172
22,-0.6334384099058387,-0.10423199580283336,0.0583366687314946,0.22593531233095596
23,-0.5109058434941592,-0.354746527338481,-0.02331975588023624,-0.08469013902611898
24,-1.2966954470882617,0.37636364908451647,-0.374395035387953,-0.054258948159628555
25,-0.856152991851711,-0.4921429387574733,-0.12578888276747086,0.42836476479861335
26,-0.5555474895909659,-0.03385018866568878,0.30860241337894667,0.05541141925359613
27,-0.3606327379465829,-0.019935382010323195,-0.1479984554636487,-0.04184775444145388
28,-1.4376735110462693,-0.07753626648276997,0.0913082883507372,0.12161954515463477
29,-0.731464960481267,-0.11750055262374375,-0.04798212287743099,0.4180690759104818
30,-1.0384429251225453,0.15448839091974378,0.22355214658281783,0.4881312789562574
31,-0.7618181152095479,-0.18829601328529727,-0.04838968286500107,-0.2665169723615716
32,-1.4570947558895209,0.03602735961425428,-0.07290835701092577,-0.025009453991787185
33,-0.8192137950246564,-0.14012704769630172,-0.017051830811489734,-0.022977644265540713
34,-0.8444010968319805,0.0701917771272336,0.19041251598156747,0.08611513373974647
35,-1.1683903349205986,0.08667904250595755,0.46940784530573143,0.43391771524493067
36,-0.6420402584750101,0.4769987221315016,-0.0624782451307782,0.1812361269257695
37,-0.48454021851104184,-0.2411829012414568,-0.03733380368293136,-0.030885903836664817
38,-0.8328733687711983,-0.04220611252316301,-0.18650614606214502,-0.08659215581372304
39,-0.6579832769487834,0.03438921676638496,-0.08215480157651704,-0.09712499263192528
40,-0.5838311431796057,-0.5377740481910395,0.36815733137276646,0.32318148557274057
41,-0.6353069993926679,-0.24181064017509593,0.2983853800042196,-0.3495573869388277
42,-0.8010210490540178,-0.019397384497334698,0.20641047330603715,-0.18650194916734178
43,-0.6842082248879235,0.21824490857990314,0.015546015246412859,0.11942003661094426
44,-0.6405471471167125,0.15753356787110953,-0.14681620159579697,0.23825299726054674
45,-0.7392253970227228,0.1859906082887141,-0.09311896023125911,0.21814756744065752
46,-0.6268544739239397,-0.0587831193225376,0.026835850922757833,0.602263518871195
47,-0.6706473993342346,-0.05401005810265187,0.23118587758811196,0.08498406118073777
48,-0.5073303932151062,0.15520862138600264,0.29320278931124094,-0.21969926823316674
49,-0.44212140503054076,0.2106333654975916,-0.03365492491722374,-0.31962101874160626
50,-0.2904358326425593,0.4116040616234728,0.3499138508885538,0.1107496236779092
51,-0.49758411908259387,-0.019935382010323195,0.11807506573061854,0.09866190575564418
52,-0.7334968253722444,0.25458546645374025,0.09936270325768017,-0.18809938750980826
53,-0.6246228119027408,-0.003448116631599258,0.1632967022949376,0.0791742943769095
54,-0.6604528075101769,-0.09285779541486626,0.19283143338877043,-0.03710212355809363
55,-1.0596785724052284,-0.050899601866305044,0.08902628616581719,-0.04769381207024961
56,-0.3737167447530232,0.014767033015644646,0.1827124457422241,0.05708593067070156
57,-0.3319862930754563,0.2845392823954919,0.13295999308836878,-0.029176550533119686
58,-0.8405046538047518,0.06517120366909647,-0.01346051990694039,-0.1398746048281346
59,-0.46439063594678137,-0.30666730317013613,0.05068799452193969,-0.014198207206443483
60,-0.9224942946927649,0.0827586143827012,0.09385094439964192,0.2452172957872923
61,-0.526300405515414,-0.019935382010323188,0.08531387206291578,0.6568329552127986
62,-1.0151581219263761,0.34721980502967437,0.3230089048266128,0.08391359722541271
63,-0.8351479840935364,0.28104859946375743,0.06325321882322152,0.12820682323091
64,-0.45179637574127984,0.2747456477174691,0.08624669528332055,0.04969485508551337
65,-0.22140951726252542,-0.08871247312861971,-0.04547139862090556,0.07603614752494534
66,-0.654729268685934,-0.14442770251494572,0.19914767464772395,0.11406496199341962
67,-0.2461482787401594,-0.17796438109428594,0.379153526867449,0.1578355868364645
68,-0.7332591077671193,0.16309213884223514,0.08083868194612173,-0.019251002130860482
69,-0.28637043415379465,0.5411169555862325,0.03395847499148132,-0.39811224205488666
70,-0.07759112489698632,-0.05932111683552608,-0.2661828038524962,-0.08343818806752554
71,-0.6606857040866292,0.43286438822208245,-0.2638945897592826,-0.39432682006640796
72,-0.7527116333582938,-0.2941004659146685,0.06729414931383744,0.062363920712449374
73,-0.608932545004657,0.15099770798800924,-0.011693258026999451,-0.0437732983442081
74,-0.7850525279369774,0.05397053488757716,0.3198767087120019,0.4020372842773018
75,-0.30574354558025035,0.2664138741688987,0.23254870449194096,-0.195415579193369
76,-0.7456901826410485,-0.2941004659146685,0.07076606521878513,0.19812977605398388
77,-0.5248010895914452,0.2518060492949129,0.218326494273849,-0.6062402384533678
78,-0.7737576964526476,0.006345518046423605,0.11796173879187512,0.23001690590049034
79,-0.4801568186554164,0.1734237710332465,0.06444382368136654,0.14254975146457421
80,-0.5836640103343061,0.06909163179235278,-0.29016118044653233,0.022165949478287466
81,-0.363970470620511,0.08831718535382684,-0.08820604650751063,-0.020003207347965013
82,-0.43562534258222024,0.257902617779027,-0.1360030712045755,-0.09143472600701738
83,-0.6241432173812004,-0.01369000740195996,-0.07374513399474554,0.1509443825523999
84,-0.6686194819569843,0.23646005822714702,-0.04627282843407678,-0.43636808222182794
85,-0.21332641629172702,0.0470457954425032,-0.22020813101368275,0.33238681402278664
86,-1.0829681966300702,-0.03250221926579081,0.07794861024155529,0.02349920653945515
87,-1.20550061210668,-0.1146561195264644,0.39972664660581536,0.16002767533115872
88,-0.6956389123875582,0.37457670011239813,0.14010565910457465,0.06390246432567782
89,-0.5967480171407464,0.3869613044145953,0.016466430584401528,0.16352821362805964
90,-0.9864016579667083,0.17574871751835341,0.09245398596130491,0.12207537849612866
91,-0.4801568186554164,-0.028001132419826085,0.3937384322872111,0.4596104223486952
92,-0.6248596559929205,-0.13893441082880117,0.211069027965862,0.1521579806810304
93,-0.4913962041462262,0.05710545325959356,0.07860435446918738,-0.23767835533711892
94,-0.822475032303192,0.12424440153002077,0.2193337438488574,0.1683688830865815
95,-0.585410024203363,0.3551033224859069,0.03132829124744282,0.08367221144196943
96,-0.5545731258310415,0.46857720716228046,-0.030743256727503238,0.24592220347707056
97,-0.9026240743585141,-0.1306951288128505,0.01233358227145184,-2.221923207170105e-05
98,-0.3577434026073104,-0.28144388723855024,0.42705927103524804,-0.42564364636843427
99,-0.6297367311825955,0.3944890573111097,-0.256933952834687,0.2223168986532764
100,-0.4916491066569853,0.18937303889898197,0.30258554286888545,0.1355723200407341
101,-0.5850531562346645,-0.09035061597648901,0.0060584471746845114,0.14337730120780792
102,-0.36659902720218646,0.2845392823954919,-0.10921008336283936,0.05925699073692614
103,-0.3890021612006822,-0.3413697181961039,-0.17913332793904332,-0.08627328486001977
104,-0.5861423703005928,0.2074984471255752,0.09392871485630479,0.17038046493385117
105,-0.2665797648126134,-0.12928809470935407,0.30022039462814165,-0.14307379756212857
106,-1.1187942447237789,0.08954198650405294,0.23747204912391395,-0.4410289463807878
107,-0.6921420027582785,-0.44296356925424757,0.01577494838559187,0.21735113743700807
108,-0.3941869464922453,0.4116040616234728,-0.202855170956417,0.24841977537671514
109,-0.32626670176494066,0.07072977464022212,0.13351969005319414,0.40259580684522206
110,-0.3904550950321322,0.2240754539249498,0.13752101929319008,0.04156723064756789
111,-0.6286396408698292,-0.3841378836315747,-0.0712792270602666,0.17586523320790667
112,-0.8623217931493338,-0.08560201689227287,0.07179612958214987,0.15601925019473914
113,-0.5907335944683473,-0.18334071911214123,-0.15088389896671486,-0.06659771443637931
114,-0.30574354558025035,0.14660487346351123,-0.06724079468729004,-0.4155020553506229
115,-0.7332019940103608,0.10408422026629194,0.38657320668144435,0.47355619146472305
116,-0.3523946091429329,0.0690916317923528,0.193296141785233,-0.39457427405539736
117,-0.6520394351182814,0.4384229591932081,-0.34818792840774654,0.056482920447387175
118,-0.6016252432654909,0.006345518046423588,0.24318588493951848,0.10408163161091441
119,-0.7870008802144396,-0.09348553434850541,0.1532438987863278,0.04307305405173527
120,-0.5143999773491472,0.22875877372418482,-0.13236410905329746,0.38798932634476857
121,-0.6294508801606747,0.21770691106691467,-0.1714653985112398,-0.0868120471138315
122,-0.9045282407329075,-0.10190704931772646,-0.19972708033354952,-0.10297001079796256
123,-0.7211451646630341,0.2917950609180854,0.015045636712314884,0.1383879327985548
124,-0.6283475852822372,0.36066189345703253,0.6009672303195639,0.13824047470215872
125,-0.8062638216172847,0.2758457930523499,-0.10036999280275882,0.34764179526339806
126,-0.8705034180056677,0.18103531411555807,0.2397224400334832,-0.3379117937800286
127,-0.6135375705410467,0.31339264117559706,-0.0500764809351566,0.43112062782221017
128,-0.6160021291386981,0.04409311002375719,-0.15236046997258867,-0.23212498953539273
129,-1.0704938093680179,0.24452580863664994,0.23057355489239065,-0.31750241787612227
130,-0.5475035416970003,0.09118012935192225,0.23840966081589618,-0.25136262234201145
131,-1.0756127614741084,-0.11474586094711506,0.10412107084440383,-0.537059485982703
132,-0.42802715699489774,0.08900398899106444,-0.017180177015176094,-0.36299787275128403
133,-0.7618572682863809,0.14678710641678158,-0.1659322743686813,0.19952728489660138
134,-1.0347020933224693,-0.3705135622509461,0.11715105371672528,-0.11194409703710725
135,-0.5695310466318951,0.2845392823954919,0.025717434738652074,0.30151471733551766
136,-0.9382101477951538,0.2022956407141677,-0.10121742071333688,0.15465556191150004
137,-0.4955064604442319,0.13341029727440448,0.2906469415871577,-0.26541958166949003
138,-0.7440543387956023,-0.34943546860560687,-0.22371389236663577,0.3236550001310435
139,-0.8939707273095496,0.15753356787110953,0.03006428884980549,0.24654460023856403
140,-0.9907358305012036,-0.2892621254098017,0.21033690754757625,0.1531746563128681
141,-0.4927461969697517,0.29492997929010173,-0.1640062508093478,-0.16023254946898652
142,-0.9584039162624828,-0.02781889946655573,-0.25691324463778326,0.2005470452528846
143,-0.3500310994826502,0.1637198777758743,-0.030079579185154134,-0.13684574317415202
144,-0.9576313926384052,0.13558643763526226,-0.11411113875607468,0.35365698359548314
145,-0.7365887336160298,0.3732287307125001,-0.1490176782587414,0.14913784833553745
146,-0.4990045418129471,0.16309213884223514,0.08440207575669068,-0.159605169144142
147,-0.6323804726699052,0.2450638061496384,-0.30215114337713783,0.15015149250718562
148,-0.30859547916696684,0.01790195138766105,0.18753627468930456,-0.09542461245978713
149,-0.6737432550917472,-0.13069512881285053,-0.018752864426672004,-0.1616447474297393
150,-0.36969006193102666,-0.32315456854886004,0.23305008937460972,0.11135161465596324
151,-0.913391972152801,0.48515421396165503,-0.07764896979931415,0.06288554650030916
152,-0.9699830533476155,0.009208462044518997,0.11313629738761095,0.15741724267678311
153,-0.4227105138754605,0.15753356787110953,0.20854147330253298,0.5581306111971751
154,-0.5303270883374106,-0.037522792723927945,0.31495390415921115,0.32909847970623496
155,-1.0594456758287758,-0.16989863068478303,0.21969704300530957,0.1464982275175062
156,-0.5160247956002496,0.20256761508808868,0.1654762521806306,0.29994307606823334
157,-0.7414257822139269,0.41187603599739386,-0.052946223499233856,-0.13153442581574162
158,-0.28473853782207564,0.02240303823362574,0.04934367971479038,0.17549265553733465
159,-1.0435185648405125,-0.3313100603790136,0.0033588154270075715,0.4536178453664501
160,-0.78858859064309,-0.031874480332151664,0.10335179911850176,0.07668143976597894
161,-0.35119877063731375,-0.21266679612025374,0.31888666459535797,0.021570631323577432
162,-0.6376978383692181,-0.3894489423644489,0.2776659710441042,-0.25743794929124647
163,-0.45813346284302153,0.15502638843273228,-0.0788462243482362,0.11277682334254845
164,-0.9762422717057563,0.16255414132924667,0.324156990370102,-0.019494608419190627
165,-0.8437257135564397,0.36147186534394204,0.19149296066951452,-0.08958319828260357
166,-0.3674575263948824,-0.17796438109428592,-0.044016110309460475,0.2460043281934357
167,-1.1002323725881689,0.2917950609180853,-0.06712022720642029,0.34750443060926445
168,-0.6050689866517392,0.15753356787110953,-0.044713569734233,-0.023489879045283688
169,-0.5991115268010291,-0.1777821481410156,0.315043007319795,0.08603056853950508
170,-0.6197848897898985,0.5324234662430906,0.08638077402806603,0.28083994361524817
171,-0.4321765663697364,-0.2593980508887007,-0.117765765090867,0.2800853119334913
172,-0.6395665787911169,-0.00031319825958286973,0.24690823273552273,0.40665530675892997
173,-0.3294291908506234,0.06185405234380971,0.06765679892351524,0.02530692917616482
174,-1.063261100764898,0.3004885502612274,0.5477054828178004,0.01943586808865386
175,-0.7649001695984253,-0.20478327866402118,0.3349359512699764,0.1353089571337312
176,-0.40503929127748667,-0.3237823074824992,0.2621139756342025,0.3035166344295364
177,-0.3755854851749219,0.48515421396165503,0.5388908044354478,0.18648919828276975
178,-0.4654062082267099,-0.1328712691737083,0.2188105464675731,-0.027608666808972254
179,-0.8661361100744029,-0.1914064695216441,0.30105048461088213,0.012806863384466793
180,-0.44359827352940806,-0.016800463638306784,-0.06818516197382021,-0.6477058765520761
181,-0.5129399654370806,0.07010203570658297,0.02123378795218197,-0.033905954833512
182,-0.7780172758510968,0.04391087707048682,0.08157103110311582,-0.3097554002603646
183,-0.7578305854643842,-0.011513867041102164,-0.10107162513921417,0.011789819452838048
184,-0.2559781263486807,0.35746169580003506,-0.13129075959443245,-0.010544797844530582
185,-0.398407221878792,0.2917950609180854,0.20338141439857635,-0.07413879703024587
186,-0.6799584993443826,0.11746102940866905,0.052087184026471674,0.09973518211637404
187,-0.25142605525775924,-0.0168004636383068,0.274668428979382,-0.10590820777061051
188,-0.7353223142685136,-0.04220611252316301,-0.11528175110550012,0.4267495554818433
189,-0.6084529504831168,0.38192222005564214,-0.14566412644747034,-0.06040876093575539
190,-0.5992342533538711,0.11582288656079973,0.028113521996666117,-0.4219336312420144
191,-0.6706473993342346,-0.15249345292444863,0.012433624423405423,0.2528708113039776
192,-0.47308723452137524,0.28704646183386917,0.38709991788165116,0.17766926539552788
193,-0.8168654600812174,0.10793936910456718,0.13166385391200755,0.04375441475353672
194,-0.9351672464831093,-0.021573524858192503,0.11761516028962306,0.30014091361039774
195,-0.7850131403640369,-0.106052371603973,0.1994344350020477,0.2907043769021182
196,-0.31407334449613655,0.3296323943160696,0.3202491569282489,0.3758685626085162
197,-1.08827673292449,0.07523086148618681,-0.012411289326414368,0.41585627939292724
198,-0.6030852551775575,-0.2593980508887007,0.5442864971897455,-0.08925973206837985
199,-0.7819958252562976,-0.11474586094711504,0.08495349983026754,0.00025841900207732423
200,-1.0099241787680024,-0.2411829012414568,-0.0729166465954154,-0.07169168098917529
201,-0.9474707737755239,0.04391087707048682,0.11634667627186727,0.033119422755050705
202,-0.24329896999266507,-0.2355652655667327,0.050572042403976,-0.05760716437937352
203,-0.5689962406129425,0.035845126660983925,0.10120372426569238,0.2713365285803943
204,-0.7248859964631099,-0.14863830408617337,0.07067054684344036,-0.16218160989971064
205,-0.9403680901952517,0.5702607996410747,0.05823259608679925,0.25039856169695296
206,-0.9187143098158561,0.2845392823954919,0.07152779601904195,-0.2670557034213498
207,-0.6762176675443067,0.14678710641678158,-0.1089105705548967,-0.06846796241568762
208,-0.7793681421895675,0.4457684791364522,-0.010919100476897457,0.13310943423464822
209,-0.8220237997602485,-0.5341011323060345,0.3698357757807544,-0.08802753886902182
210,-0.07100733985015682,0.15216344443463686,-0.02049294187625791,0.19993140724490607
211,-0.6990078422483711,0.18130728848947905,-0.17391943105758997,0.3512389360552663
212,-0.409140718170599,0.12901746274990647,-0.1589660388875946,-0.15467861386173093
213,-0.8097539470960519,0.2481987245216548,-0.4502795966176377,0.24072521771413968
214,-0.2756370887970571,-0.3706957952042165,-0.22197334408499328,0.3117240508628744
215,-0.4461868035193053,-0.23079220434684702,-0.014137761542880597,0.020698605776445587
216,-0.33870193595016,-0.21266679612025374,0.38190927320519835,-0.27308837238716993
217,-0.5918788181979092,-0.19671752825451833,0.006201879876114011,0.34336367566056997
218,-0.8297382090017832,-0.04220611252316301,0.10178596761713364,0.14681190131592542
219,-0.624866734073537,0.21036139112367058,-0.04489290596598935,0.15207215171145114
220,-0.5402349556246023,0.14129381473063704,-0.13441882718105524,0.1509410550471447
221,-0.7815252110747201,0.15529836280665327,-0.0899058496452331,-0.35887895356171795
222,-0.7209074470579091,-0.37857931266044903,0.43605498664828657,-0.21256930900560672
223,-0.6635447157539623,-0.058155380388898434,0.059296755232504425,-0.022587768004680684
224,-1.147073889936198,0.03602735961425426,0.055222815143324104,0.22192197029508615
225,-0.6646899394835243,0.4218459523938335,0.28122038390611814,-0.10894722068389572
226,-1.4641643400235618,0.043910877070486805,0.16967374724596881,0.17779680946122442
227,-1.1187942447237789,0.3903437350248632,-0.15569674287852944,0.16233044705079175
228,-0.8456564905851531,-0.0028203776979601114,-0.021089480717378494,0.12196210804827347
229,-0.9100632198188359,-0.07527038470126153,-0.03229006794644101,0.3715049772483474
230,-0.5659092142603231,-0.06738686724502897,0.2139736376455522,0.027208286799011955
231,-0.6498913465730917,0.0701917771272336,0.2731609777611434,0.44404408480281493
232,-0.5713604830418915,-0.03752279272392795,0.46353110724820284,0.024587955249592952
233,-0.9970073048068618,0.21851688295382415,-0.05165206571461526,-0.09970934628088195
234,-0.5213533378289761,0.036383124173972416,0.3666224127158962,-0.3418505828426333
235,-0.8186860670863203,0.16309213884223514,0.34040573382717376,-0.008806502348336385
236,-0.9419155395360163,0.19441212325793517,0.36935536239177413,0.24091775387085662
237,-0.9541088968048204,-0.3074772750570456,0.20613041711478627,0.10175876578079321
238,-0.966495997573244,-0.011869631600820291,0.20986933971340788,-0.030529580425618912
239,-0.3052577464930387,0.4162873814227079,0.12241429431827981,0.07802613055388563
240,-0.3816394970290344,-0.5616068335130074,0.08352428830801888,0.2972804677756164
241,-1.0468473171744779,0.12050620636003477,0.2678991278988519,-0.022085320681134193
242,-0.44781869985102435,-0.011424125620451506,-0.04388100240839915,-0.046905333905622744
243,-0.637944536314306,0.05197662747998972,-0.14789901340302092,-0.25047953867285666
244,-1.130864875439741,-0.0033583752109486325,0.2723696184745834,0.4059066029822867
245,-0.5452718796758015,0.3004885502612274,-0.09751373863580962,0.09044007709447717
246,-0.7239993553016946,0.12534454686490157,0.20506851609017204,0.1723834261962314
247,-1.082845470077228,0.23296937529541248,0.15405054370960578,0.13879344213895745
248,-0.899046367027517,0.08900398899106444,0.2040672454566707,0.305636626663751
249,-0.6561794267430923,0.009208462044519004,0.2674243877963749,0.0020426896588823717
250,-0.8373796461147351,-0.08560201689227287,0.11458038266473254,-0.32949779070184254
251,-0.31906526999181567,0.0682816599054433,-0.21929316390825213,0.005857795545352833
252,-0.5540963070837928,0.03638312417397243,-0.005414898964996092,0.22361924079494203
253,-0.627951564236706,0.1843524654408448,-0.23081499681365955,0.3147221816516867
254,-0.8057650440026798,-0.3676506182528508,0.4694978755799846,0.12412214761496856
255,-0.18955719754534495,0.014767033015644637,-0.12907951095995102,-0.2397107067463098
256,-0.14714721346973716,-0.02524644074319739,0.1686795637148193,0.0649024775253781
257,-0.5836631368193608,0.2954679768030902,-0.33459630728954165,-0.2850379146351915
258,-1.0013414773413571,-0.0963484783466008,-0.4443806923049626,-0.003893024729506565
259,-0.485876409965932,0.10775713615129685,-0.0012358268975493556,0.40581220271690815
260,-0.731464960481267,0.07861329209645465,0.11373750326170858,0.411701486649011
261,-0.526349412447155,0.09987361869506428,0.10874793749447874,-0.05472542406093707
262,-0.32504841583422,0.06149828778409157,0.43136725379378865,0.1896988702411644
263,-0.5644120945258048,-0.33973157534823467,-0.005246572489294388,0.05388100509627346
264,-1.1879836845728917,0.04391087707048683,-0.18009045247098618,0.1620999882872424
265,-0.2617418426997712,0.18802506949908396,0.25952420485620575,-0.17170593418546704
266,-0.26320185461183776,-0.029639275267695418,-0.18813760164089036,-0.10721323059230585
267,-0.5555474895909659,0.4376129873062986,0.3778437601863428,0.31635408008850446
268,-0.5725787689726122,0.3564512918858049,0.04024014017147222,0.348704542578642
269,-0.6314386200110774,-0.42170324265563786,-0.2687296061611809,-0.0309131049687937
270,-0.7268737363135126,0.01790195138766104,0.2930553517886114,0.13268086340791144
271,-0.895554490224473,0.3105482080783177,-0.05475065723934032,-0.38091265534264424
272,-0.47396890371904865,0.2742076502044806,-0.1468324074993033,-0.26430233725226193
273,-0.9326888865168226,0.23664229118041738,0.3199973576645182,-0.05974019591152683
274,-0.6641846589702898,-0.46055097996785227,0.09328051861525341,-0.12226138027345972
275,-0.6160440579898225,-0.032502219265790784,0.37526608119182053,0.13851184851595016
276,-0.8386350398679079,-0.12200163946970846,0.0889441679530313,-0.5064302852676035
277,-0.6564751316199212,-0.090350615976489,-0.21681259210306297,-0.08444551658231224
278,-0.5151654228926084,0.16473028169010445,0.0863342572611254,0.0485154489705772
279,-0.8959593406748976,0.1709756562984677,-0.11835721527085089,-0.020901487914796752
280,-0.29640212189816273,0.21905488046681265,-0.052036236682495414,0.1442024755731683
281,-0.8775177906422965,0.06203628529708007,-0.2517566219070288,0.2736656980763374
282,-0.21454250603299732,0.2017576432011792,-0.09671707825354563,0.1666639726618488
283,-0.4392461505037774,-0.0028203776979601114,0.19854556351494093,-0.09888589706007711
284,-0.780502713898,-0.3313100603790136,0.22478573219511472,-0.24806933719113114
285,-0.5575842363731095,0.3665109497028952,0.23917234466481077,-0.1756403065879865
286,-0.859644868654755,0.1608569337777789,-0.2684963920394207,-0.14361839355320521
287,-0.4254699038349954,0.2069604496125867,0.024446317155126875,-0.14478554659336476
288,-0.7243953763472258,-0.15231121997117827,0.08481049654081503,0.062324537612125815
289,-0.805372298564703,-0.07690852754913083,-0.060235584497887254,-0.017173268472792165
290,-0.3433204285716884,0.07054754168695175,0.10672408469003931,-0.533466694639572
291,-1.0207283901364483,0.09987361869506428,-0.0612306089930495,0.08636444575143856
292,-0.6297046561863793,0.03922755727125176,-0.13376103178446044,-0.09579298735032417
293,-0.765432718565434,0.001142711635016098,0.1995702613953721,0.1986572475926509
294,-0.4981116960858606,-0.3681886157658393,-0.23969933248099887,0.48285237944503756
295,-0.8294964830204374,0.16363013635522364,0.02599936719142069,0.06193725693871654
296,-1.2362497878804923,0.04391087707048682,0.09157938722869553,0.05124918894654695
297,-1.0061303925224585,-0.01124189266718115,0.04143928126618907,-0.2836964009902074
298,-0.2910757758588868,-0.3760721332220718,0.20076934286261044,0.07321631565661797
299,-0.5003505871227454,0.16309213884223514,-0.46702483045137655,0.3289859145664277
300,-0.7423173052665083,0.1891908059457116,-0.05584440353379173,-0.07384815392853973
301,-1.16085013660498,0.1637198777758743,-0.011535802979657355,0.24567774885397764
302,-0.6040946228918148,0.06991980275331262,0.29616982376540896,-0.387998105791138
303,-0.754986248680632,0.3004885502612274,0.12872198619169317,0.057958198310982235
304,-0.7362570888467247,0.025785468843893575,0.009449036078728625,0.2015489186052078
305,-0.446959327143383,0.36901812914127247,0.23207497583791722,-0.10651026138185303
306,-0.28043542172818603,0.009836200978158136,-0.0942433850764043,-0.025803711794867283
307,-0.6109202848550597,0.11746102940866905,0.17571441148025935,0.1416242654002972
308,-0.574724812263421,-0.004168347097858104,-0.3383618202762914,0.1432916718173379
309,-0.7398428928139488,0.2151344523435563,0.38254875413872197,0.2304080025814588
310,-0.8937338832193699,0.16255414132924667,-0.05204830595684477,-0.2688948728155413
311,-0.5290606689898942,-0.4818113065664619,-0.3162332422287787,0.2716249580069576
312,-0.5712377564890495,0.14714287097649972,-0.09898545057448957,0.07419134094474088
313,-0.4873785016641925,0.05986014493622226,-0.0669571684669436,-0.26819747442646497
314,-0.4227940873514696,-0.025428673696467747,-0.22214017325886673,0.3108808863140863
315,-0.7650632940675042,0.025785468843893575,-0.008211668543230018,-0.42929975673391313
316,-0.787978971098702,0.524539948786858,0.46768904640611064,0.3730759590006268
317,-0.7252586965685944,0.06517120366909646,-0.13969754623433883,0.08194330284675069
318,-0.8881980306184963,-0.3050291603222668,-0.13629757921840033,-0.13808808362669772
319,-0.4665032985394763,0.3136831264503342,-0.03685881714133421,-0.1255141909626005
320,-0.4484193390554495,0.07019177712723361,0.18169756903243325,0.22517624968694266
321,-1.022275839477213,0.25294732360587097,0.14703110710180037,0.02617899785517887
322,-0.44907613885857783,0.14158430000537406,0.026182320964516698,-0.06664889992421254
323,-0.4294484532401963,0.05179439452671936,0.014485280001465206,-0.05904049624453502
324,-0.599598199403186,0.44256828147945465,0.26212668151603735,-0.10206029000054981
325,-1.054321902694013,0.07807529458346615,0.5048491820673641,-0.0661374162220562
326,-0.7496639110175768,-0.29410046591466854,0.3550511681667133,0.59319971856532
327,-1.1132682459778136,-0.2053212761770097,0.1756826683943573,-0.039659796864037686
328,-0.5482401878517998,0.23977720955243378,0.18713986907182417,-0.16114477440083114
329,-0.09550422441137547,0.06517120366909644,0.15350787756649525,-0.23901964053566865
330,-0.5628981037182552,-0.14882053703944376,0.2141468637238742,-0.2846450611683214
331,-0.7994381596540399,0.11645062549443887,0.23710262761688852,0.01384767795441547
332,-0.4373712055162075,-0.13069512881285053,-0.021238925311718036,0.28274938161999874
333,-0.8030146343831077,-0.028356896979544226,0.06454289372571038,-0.16171670419452105
334,-0.7099813826515666,0.3125173900037065,0.15093092450763473,0.10367801023325299
335,-0.6406621381689955,-0.16019473742741083,0.5797198664171672,-0.05382554562640259
336,-0.5462502518119468,0.13394829478739298,-0.2297819845052653,0.20040178884271445
337,-0.766941888344311,0.05179439452671936,0.3085149176148258,0.08594135422475017
338,-0.41397761583342646,0.20731621417230484,-0.039339025926293535,0.2716100382609605
339,-0.744423763293532,0.4037205441672403,0.1622034500001602,-0.1681106466730153
340,-0.5341844421246572,-0.3802174555083183,0.11260572803715496,-0.6887591610874187
341,-0.885523022869494,0.022650550471877178,-0.3146902108676092,-0.04712851492865899
342,-0.5031543872926661,0.26578613523525957,0.15834142825219796,0.14014889337476852
343,-0.6589534915862079,-0.11474586094711506,-0.07635411875325605,-0.1489277110235056
344,-0.548758935450173,-0.24344878302296527,0.03373193663545358,0.3673148331106904
345,-1.155726363470217,0.12534454686490157,-0.004249882912722737,-0.47806593123643853
346,-0.6826030389979135,0.20731621417230484,0.33801517715157575,-0.3164421987000964
347,-0.8777996941504901,0.12847946523691797,-0.2714535434083084,-0.22635181950137
348,-0.9116309243131797,-0.2890798924565314,-0.12005868907193169,0.2971366749903786
349,-0.4531422701160087,0.13708321315940936,0.30701445595300403,-0.056321116116934196
350,-0.3804942732994724,-0.08871247312861971,-0.2611699200072075,0.244324100991723
351,-0.4172326485462907,-0.11785631718346189,-0.22883218004087885,-0.17982234378453057
352,-0.4510638787089804,-0.41796504748565194,0.363628421589989,-0.14849348282854294
353,-0.8305429585571467,-0.22604360526263084,-0.17673560031833033,-0.22403070672294786
354,-0.8687021926391987,0.14245955117726466,0.12494328679814146,-0.3495233084273022
355,-0.8970626355533352,0.0013249445882864538,0.377733109830705,0.13100411747325266
356,-0.8021181393667841,0.46756680324805033,0.23783677048245636,0.01794039937014564
357,-0.7902106331199008,-0.011424125620451506,-0.26617178234154854,-0.18545263429081113
358,-0.6568773572311236,-0.2994115246475427,0.2540737715551397,-0.27248681072785547
359,-0.7385724650902118,0.6695479032881616,0.33583127321463646,0.2552804570183756
360,-0.4296590533266168,0.12615451875181108,0.22519436138697985,0.01820850695520752
361,-0.8903890724648253,-0.11107294506211016,0.09748693312989702,-0.08128674027972996
362,-0.6453779911489381,-0.11949446003133121,0.06337790022991842,0.1973033413075898
363,-0.7996848575991277,0.09870788224843666,-0.3200837219090431,-0.042464539345462494
364,-0.8305098591109156,0.04391087707048681,-0.021927034456939092,0.33806353812818785
365,-0.5365060229338156,0.36095237873176955,0.007886725845196388,-0.17635944855235222
366,-0.9758312166896604,0.21851688295382415,-0.15066181508510032,-0.05259200539345873
367,-0.5851721556631684,0.05197662747998972,0.19687998914884305,-0.04472190778903856
368,-0.7209074470579091,-0.13051289585958012,-0.06213293411836817,-0.3290306259362446
369,-0.4192115589918,-0.4563403783966246,-0.09166417851278719,-0.04765456152924242
370,-1.0718719296740324,0.26796227559611735,0.2011270188078899,0.03675505255171836
371,-0.3861038455214469,0.19725655635521447,0.09876945939067719,-0.17357754209911233
372,-0.6301095066368039,0.3393362875734418,-0.3246437385204065,0.19882606437969308
373,-0.6195038597966503,0.4509897964486757,0.4755555582631925,-0.3094633310861812
374,-0.4725595065830392,0.3398742850864303,-0.26060810250347227,0.16225238029241534
375,-1.2072466259757366,-0.2867549459714245,-0.10110927762361306,-0.026099763317549134
376,-0.468985807628263,0.2607655617771224,-0.13581036681514472,0.25826209122814275
377,-0.38029170039495935,0.313327361890616,0.2721006860174017,-0.0815804693201282
378,-0.48616226098785276,-0.06657689535811949,-0.04011128972205064,-0.058817711848311686
379,-0.5401962399578343,0.28418351783577384,0.11248600745206573,0.12787232520151728
380,-0.6334382589707691,0.0998736186950643,0.12072785846741653,-0.02206789609146433
381,-0.5882591820157878,0.1340380362080436,0.1533012651909995,0.2374328310338094
382,-0.5358885271425895,-0.5086302041361972,-0.3756007214413427,-0.016363576783452714
383,-0.24378959010854917,0.31807596097483215,-0.02370366319403436,-0.11521960779127734
384,-0.45678362095456554,0.0859588120396987,-0.182136802855516,0.10499377318390309
385,-0.6837314061406747,-0.13051289585958015,0.29947314412442705,-0.18163869873166533
386,-0.5828214942134656,0.26110281543602454,0.09088457626261362,-0.04692665768772427
387,-0.5481300178281893,0.32093890497292754,-0.058110385433803945,0.0841626723077237
388,-0.5384937627842181,0.2742076502044806,0.22991984283509748,0.00460196958660869
389,-0.6476105266850823,0.0996016443211433,0.11873752044035643,-0.23737980004385836
390,-0.8899511225681697,0.29681563437622255,0.38157153681369727,-0.25428657269209437
391,-0.7928543746072103,-0.2862169484584359,0.30531219740458837,0.4807647491502382
392,-0.8012587666591429,-0.038060790236916435,0.08001370795884004,-0.12519611947090317
393,-0.7563312695404154,0.23664229118041738,0.09452275719404356,0.04322852746591756
394,-0.6494471921107647,-0.18748604139838781,-0.05787360379083579,0.23394189681216718
395,-0.3555115896510421,0.04042019413875229,0.19972646162279503,-0.32601026502044933
396,-0.9833449552860285,-0.21266679612025374,0.1323161206085586,0.14490843763325595
397,-0.48364387442978785,0.20256761508808868,-0.426698321637036,0.34349813125310413
398,-0.7507698307352365,0.035845126660983925,0.05369961353895996,-0.25523426691487083
399,-0.8747077859067044,-0.40826115422827974,0.17795282710532506,0.02535331300291724
400,-0.7198041521794715,0.0553775689910736,0.09901752742571042,-0.009363094454597867
401,-0.7317116584263549,-0.18352295206541155,-0.17266718739005207,0.017534705189843538
402,-0.9861549600216204,0.5064145405602647,0.35414929643084614,0.11431821641834539
403,-0.7954114768320432,0.05179439452671936,-0.13095679654365003,0.11370729908967521
404,-0.1629408662409189,0.07798555316281552,0.021907616101240496,0.08591261210727116
405,-0.8316069494236819,-0.2775234591152939,-0.05347945057018193,0.35383795736552004
406,-0.8102423710224855,0.3296323943160696,0.14211385568852647,0.25070940183170565
407,-0.927573942786953,0.0990636468081548,0.37912802173708726,-0.13512528963974788
408,-0.6036986018462837,0.4116040616234728,0.040361176204485025,0.3050395165846556
409,-0.5071712162597546,-0.019307643076684058,-0.004880626496819617,-0.09318267080913523
410,-0.634937574894738,0.14714287097649972,-0.11033004535613046,0.23229008273743387
411,-0.6453850692295547,0.15556438594572075,-0.0503566594815059,-0.13374543629095645
412,-0.2625619113955103,0.21851688295382413,0.6580410750204153,0.13625252852871056
413,-0.6246228119027408,0.19590858695531652,0.08751865903273374,0.054181659642810374
414,-1.14389345035938,-0.2423486376880844,0.110184800992066,0.36379586765792593
415,-1.025838361902576,-0.1620151132285505,-0.11168213753350997,0.017351195498000366
416,-0.6529390689138087,-0.16989863068478303,-0.15858066745811877,0.38844254012185914
417,-0.5106681258890342,-0.30666730317013613,0.5572710435750758,0.16703191712480367
418,-0.8977115591096255,-0.4921429387574733,-0.06296251966016246,-0.26434742831848335
419,-0.29441438204776016,-0.378579312660449,0.27927694534466296,-0.16050420269422075
420,-0.44768611944327424,0.22875877372418482,0.19407393048224034,0.2270359051278184
421,-0.7545018331304191,0.1709756562984677,0.250823484443485,-0.39813448646715605
422,-0.5215026609294194,-0.07637053003614233,-0.22361232302992626,-0.013865017363320508
423,-0.47967101956820474,-0.051437599379293535,-0.20978161264776216,0.03656028211551375
424,-0.9740843293056584,-0.3365313776912372,0.2678639629422021,-0.04137436429328191
425,-0.543000040127755,-0.13233327166071981,0.12946180617443792,-0.06706754765207752
426,-0.6283537898479085,-0.2793759991991592,0.11858098476248213,-0.01948774821446562
427,-0.6481453327040351,-0.4818113065664619,0.30115023068003766,-0.5231973719065023
428,-0.7685952076511168,0.09064213183893376,-0.13154011544624136,0.1123611010395387
429,-0.7388203956372289,0.1119024584375434,0.1260932109047109,0.03662683102347614
430,-0.5270729291394917,0.45833531639191977,0.024081216393757397,-0.15424302521851682
431,-0.2084884941788848,0.1681127123003723,-0.16484756615011592,0.18078925767238146
432,-0.5976033814721669,0.3903437350248632,0.06236734886045397,0.13772493357210094
433,-0.26507957537369925,0.23664229118041738,-0.22207519601155054,0.2141762281019758
434,-0.743658317750071,0.3743944671591278,0.24164927625130214,0.09967554680658286
435,-1.1716605525390968,0.04391087707048683,0.2479343345420755,0.24810988677450257
436,-0.4615426498737922,0.07523086148618681,0.23390438783322773,-0.03417275714152283
437,-1.038436720556874,0.22069302331468194,-0.16321021550144965,-0.05042797230377644
438,-0.3618479541729079,0.21914462188746328,0.09675775220586909,-0.7305629700422985
439,-0.2410684797109018,0.1935836404702096,-0.021907063832329737,0.036349430186464096
440,-0.7421983058380045,-0.4526674625116197,-0.043760505599319655,-0.263717392926474
441,-0.6215219233189924,0.3051718700604624,0.17552323197612565,0.009927176877781782
442,-0.7511239229296434,0.2742076502044806,-0.23072619471563835,-0.42237147020825516
443,-0.44781869985102435,0.15684676423387195,0.3563971909762514,-0.070099591203493
444,-0.9234282605364525,0.034389216766384956,-0.002391694940402383,-0.2811191810085432
445,-0.21445478343448832,0.11799902692165753,0.13413881587691448,-0.17779425965625123
446,-0.7300049485692004,0.07019177712723361,0.1764116786103496,0.21184113950615394
447,-0.5663998343762072,-0.20424528115103271,0.542612917662945,0.11840793790766682
448,-1.198431027972639,-0.3365313776912372,-0.005295809254316275,-0.05516130144044645
449,-0.5084266100129272,0.156995570358121,-0.08503629073911863,-0.0242482387138448
450,-0.5290606689898942,0.20731621417230484,0.588883589556603,0.12313532629927605
451,-1.16085013660498,-0.4314071359130101,-0.3238345263118237,0.3624489817261255
452,-0.9742083006979042,-0.01369000740195996,-0.031299382870288724,0.16653397516739513
453,-0.5854188536082562,-0.17545720165590867,0.1764581570315132,-0.0037204392113285617
454,-0.4551741350069861,-0.1749192041429202,0.07293066441337857,-0.06942205610878269
455,-0.5746146422398104,-0.15168348103753915,0.22152596062269017,-0.14827175907023346
456,-0.4639857854963568,0.44256828147945465,0.10720787462935898,0.17412546993544492
457,-0.6797537302504192,0.5495384705554536,0.2183957528241405,-0.3608115335579257
458,-0.7986954598686387,0.4037205441672403,0.4301704173440071,0.148453053768061
459,-0.3517771133517069,0.08329661189568971,-0.14841548797151724,0.3416963686363044
460,-0.5040360564903396,0.22389322097167944,0.06486363666178553,-0.00881285640798615
461,-0.6962788556038857,0.05179439452671936,0.11436095909266286,0.17540834222670182
462,-0.6144192397387203,-0.4053982102301843,-0.1615567513700005,-0.0910929106557853
463,-0.3490881532989997,0.1762867150313419,0.016810817270473313,0.3079436837338146
464,-0.6367671622398038,-0.27588531626742463,0.2475072289864961,0.18722831510824853
465,-0.4406236133898497,0.08649680955268717,-0.10969924081067346,-0.04385958613019657
466,-0.263951208230938,0.48569221147464353,0.022566094846675773,-0.14147079136641855
467,-0.539424589848702,0.06048788386986142,0.19699971090533303,0.052288047877081086
468,-0.5055933596860123,-0.25993604840168916,0.030280525430767265,0.2156943131398449
469,-0.8545121151800291,-0.1914064695216441,0.0026753395778709244,-0.23583918594292744
470,-0.5498229263167083,0.19779455386820302,0.25896727036414335,-0.020003207347965013
471,-0.2043782378808791,0.4218459523938335,0.07615998038374806,0.3602001305858113
472,-0.7866008507926875,0.3564512918858049,0.13388850529404442,0.08384522324446664
473,-1.1950532687069326,-0.23867572180307955,0.1963576536408755,-0.08192960750604963
474,-0.528339348487008,-0.29714564286603423,0.3859990117975228,0.39975611310519504
475,-0.9904891325561158,-0.10136905180473796,-0.09973352679346302,0.4073713300649722
476,-0.16009068397847925,0.3477578025426628,0.09717958870818622,-0.06113917571792022
477,-0.9632418383753251,-0.029639275267695386,0.566173330118882,-0.026505059714937988
478,-0.4035399753535178,0.14183181224362554,0.29713814459576643,0.02229603709617158
479,-0.9154601506179372,0.1340380362080436,0.2378765584476277,-0.15931401586823357
480,-0.8323965500239494,0.43154984565120574,-0.12161283693317618,0.5224988703888147
481,-0.841120477914811,-0.21552974011834916,0.007613558711019721,0.3496943094501919
482,-0.7297239185759522,-0.029639275267695404,-0.13085828971090643,-0.13887799653146118
483,-0.6466361629251579,-0.11474586094711506,0.20329512041873254,0.04823297707213149
484,-0.8255598624663608,-0.10441422875610372,-0.209599587259597,-0.27139136165164995
485,-0.7411839052975114,-0.29878378571390357,0.06286545667193826,-0.1368359929897393
486,-0.8046721028124134,0.02211255295888869,0.13358922437408055,-0.17166895482939717
487,-0.5642971034735217,-0.09348553434850541,0.13753808857537725,-0.31663354165776064
488,-0.30265163733646483,0.2372700301140565,0.24564033985168887,0.3148614318743884
489,-0.9505618085043641,-0.22108831108947477,-0.18752533931683835,0.08738024315521047
490,-0.7153460082527302,-0.05860088636926724,0.4452259758028041,0.06957472355824987
491,-0.6197848897898985,0.19387412574494664,0.3349962357147546,-0.009429574673550363
492,-0.900992178026795,0.4378849616802197,-0.10683543387856242,0.1195889976915462
493,-0.843677580139644,0.23061100198128434,0.12363493614783819,0.08601818514691954
494,-0.8812977755192052,-0.4003776367720472,-0.05648110721162431,0.09424734369653721
495,-0.500211802149324,-0.4213474780959197,0.20560838783267235,0.17037116983982334
496,-0.1722840412472833,0.01655398198776305,0.4845050823788069,-0.2035793652483538
497,-0.3796508836636865,-0.17796438109428592,0.22985350339345414,0.499842040491809
498,-0.3203206637449883,0.13322806432113413,0.2925297717580179,-0.3186000278985928
499,-1.1274149274878216,0.5615673102979326,-0.03705130999738138,0.2713192637333769
500,-0.7547876841523398,0.11501291467389023,0.20387661511755253,-0.026419541975124226
501,-0.5356837580486261,0.24004323269150124,-0.05961368692703885,0.10838349778981649
502,-0.8052413244405646,0.3176035545735904,0.3006688002597896,0.0179233269873579
503,-0.8127600350006745,0.11764326236193938,-0.10095041470048802,-0.04458859068953623
504,-0.3250484158342199,0.4037205441672403,0.41503935369319045,-0.21393077119594292
505,-0.8894644499660126,0.09456255996219008,-0.27762857192355067,0.378737324849397
506,-0.3751679272601964,0.29260503280499484,0.11508423115156541,-0.29610373138951995
507,-0.6457899196799793,0.16793047934710195,-0.0031823902323870096,0.08279232031718606
508,-0.8653644599652707,-0.23867572180307953,-0.18953668710336408,-0.10774268342087341
509,-0.2327021525574049,-0.07222520774989578,0.09177460381625001,-0.013571144375999664
510,-0.6243319280545844,0.22326548203804028,-0.03341510121757665,0.13872609844341147
511,-0.07759112489698632,0.1290174627499065,0.11424986512981425,-0.08557151855930932
512,-0.9278118113271475,-0.02461870180955825,0.09692958525872988,0.10427901649290794
513,-0.9943697678852236,0.062308259671001065,0.30648602355604415,0.03831953987026778
514,-0.43025969253104196,0.15684676423387195,-0.2643512717703065,-0.04555198026123459
515,-0.6205475595590679,-0.18352295206541155,-0.12418609325055809,0.14659555393882245
516,-0.7741607955787954,0.23610429366742888,0.23128626541123845,0.006001341807294772
517,-0.3611211618730166,-0.31536079251327814,0.21053378262391356,-0.02467284440717544
518,-0.8881980306184963,0.0013249445882864538,-0.15672396254938994,0.0722193070683247
519,-0.6315723721582632,0.13872135600727867,0.13788059975329195,-0.4636158917482978
520,-0.6296210827103702,0.4031825466542518,0.12422967950730698,0.3615698624724328
521,-1.2186503826442734,-0.15670405449567631,0.09937571558375867,0.4725312735875162
522,-0.46151137304379725,0.08831718535382685,0.004027227629383028,-0.06657865298110276
523,-0.406048658991744,0.29260503280499484,0.19226002319669858,0.09719550084384812
524,-0.7853406360108423,-0.00837894866908576,0.049104873984356735,0.07367813687757895
525,-1.0991352822754026,-0.21266679612025374,-0.08330070784910638,0.31806929496925707
526,-0.3949684504562857,0.04641805650886408,0.0341127431036969,-0.24987902336286252
527,-0.8702899030678493,0.14714287097649972,0.14198340885653468,-0.07197316326609822
528,-0.1472573834933477,-0.30252198088388954,-0.004158674308706967,0.2875060792060658
529,-0.8590665259403618,0.30469915183245505,-0.13530410311324761,0.08180788136628392
530,-0.4940922422795499,-0.07690852754913083,-0.3082390958198132,-0.21509942021304504
531,-0.8357576036379244,0.33145277011720925,0.011521083759609823,-0.2733150331969613
532,-0.9311405636611126,0.11746102940866902,0.05340880903185503,-0.1371318152767717
533,-0.7499497620394975,0.2924227998517245,0.008472205489855231,0.20981758400297393
534,-0.8095975459149918,0.11080231310266257,-0.1116808055939684,-0.05769724751096358
535,-0.4916491066569853,0.19387412574494664,-0.015578625095831198,0.11865700004376253
536,-0.6964015821567276,-0.2419928731283663,0.49504628819232444,0.10778342483492463
537,-0.952842477457304,0.29260503280499484,0.4588555016663812,0.3174760588573959
538,-0.7610847446623031,0.09118012935192225,-0.06730972281986683,-0.21624503599758763
539,-0.8866152921535878,-0.2205503135764863,0.2866296079540647,0.08656268436849286
540,-0.5874529755511776,0.3343157141153047,-0.22153431353598516,-0.13825599451006593
541,-0.9093265736640365,0.5111631396444808,-0.06421876412419787,-0.09568992080639203
542,-0.9377305532736135,0.15448839091974378,0.44383667339010724,-0.31041013060030515
543,-1.0867028238644747,0.16473028169010445,0.3607597981628707,0.03753667268084689
544,-0.5728597989658605,0.07798555316281551,0.03466171873013356,0.07875954351222234
545,-0.7001362093911323,-0.3313100603790136,0.6477908181773521,0.1591723642058759
546,-0.9861549600216204,-0.22108831108947477,0.04479486049891584,0.17817725983173377
547,-0.4819037060394184,-0.20953187774823734,-0.08892496479984133,-0.4985014644454778
548,-0.7888325128138863,0.20092947224021937,0.12349451821792926,0.23715956545260827
549,-0.7969991872606937,0.3579996933130235,-0.30269953847111836,0.18428218887870423
550,-0.6615063611275026,0.07861329209645465,0.5634103516892838,-0.021536605550353638
551,-0.9186259153111745,0.03859981833761262,-0.013661355128956673,0.05220517326658349
552,-0.498069767234736,0.07861329209645465,0.016500087843544935,0.09109297871454393
553,-0.6589396902175727,-0.10943480221424087,0.1947386070551329,0.4074200636462254
554,-0.8917390652883508,0.14129381473063704,-0.03872392232742829,0.053225479858925846
555,-1.1629590720733367,-0.04594430769314898,0.28804777247940117,0.1237859071121533
556,-0.44521243975938096,-0.25993604840168916,0.3430647562980851,0.03443978527886048
557,-0.8616388130708288,0.04391087707048681,0.31852998008460404,0.07444764602935898
558,-0.8368408925820555,-0.027818899466555747,-0.012263753498098575,-0.10023761539626719
559,-0.446959327143383,0.0998736186950643,-0.010372043793012797,0.05355297691323018
560,-0.5663998343762073,0.036383124173972416,-0.10466711296688729,0.19879124681096386
561,-0.5366643263742217,0.11196773772252448,0.19753453463989099,0.17335080372454628
562,-0.7981717403065235,0.2742076502044806,0.13679945045660882,-0.2982813336282225
563,-0.8540415009984516,0.04104793307239144,-0.17500972882657845,0.1642597816346987
564,-0.5876906931563026,-0.250232155144317,0.044055481412752,-0.08837653051956819
565,-0.4596384834993986,0.25968956675114546,0.06378892601227291,0.08017771108905739
566,-0.6119498601123964,0.07861329209645465,0.023829566274756703,-0.1788065685081351
567,-0.817351259168429,-0.2593980508887007,-0.12469949780591268,-0.45149159602447714
568,-0.7122108484833152,0.08043366789759432,0.043063612283580195,0.17208724157634617
569,-0.8598865946361008,-0.002820377697960127,0.2183408969496696,-0.11749919252455285
570,-0.4622437191410272,0.05125639701373087,0.3094119382375915,0.487939882931634
571,-0.7308691423055143,-0.05564820095052119,0.17983407467534793,0.08317428479725167
572,-0.5642908989078504,0.3105482080783177,0.07440641406264428,-0.337023823636155
573,-0.40750882183888004,0.09870788224843666,0.08745999828559312,0.20031183401629238
574,-0.8372569195618933,0.02265055047187719,0.07318820023998243,-0.21224462707551456
575,-0.24184012982003414,-0.22073254652975666,0.5568792683921631,-0.3786275958479107
576,-0.5890406859798282,0.42130795488084505,0.1352184989430627,0.018409979710144995
577,-0.8446821268252288,-0.24987639058459885,0.06548286252766937,0.10891316301428033
578,-0.6874722379407506,0.025695727423242925,-0.30739593751945254,-0.13084185116012922
579,-0.36969006193102655,-0.23867572180307953,-0.11704623175832762,0.20460587462871566
580,-0.3699759129529473,0.33145277011720925,-0.0658811752139504,0.35566880768296777
581,-0.9293199566560097,0.27134470620638523,0.013838761441596157,-0.13542835412157886
582,-0.6675603729816152,-0.5341011323060345,-0.06194469034055228,-0.10069250643665888
583,-0.41572362970248317,-0.23079220434684697,0.22113844885936226,0.18662695727526138
584,-0.9187005084472207,0.16255414132924667,0.07083820984766762,-0.28857466105348306
585,-0.6552149168380762,-0.030177272780683877,-0.02863734514060536,-0.07077997372229886
586,-0.47109847022095785,-0.3237823074824992,-0.13725307565236908,0.25401315379898953
587,-0.23298537874010347,0.3740387025994096,0.36867173063659975,-0.3944365150629058
588,-0.7143235110760101,-0.1914064695216441,0.320837176728965,0.16635083258126265
589,-0.8542881989435396,0.3737667282254886,-0.08285457619203453,-0.13266010272711865
590,-0.8972257600224138,-0.3634155545459535,-0.16369499702847753,-0.055591919514885034
591,-0.394675370418679,0.003897403311644795,-0.05695796986722048,-0.17849546629298266
592,-0.475235323066565,0.017629977013740028,-0.27543932904186164,-0.1343391071139291
593,-0.41835218628415866,-0.442425571741259,0.21844226466347186,0.0019478582779728676
594,-0.4621601456650181,0.3427372290845257,0.12792873431706167,-0.11023803449203186
595,-0.817351259168429,-0.08783722195672913,0.31087326597099146,0.259958395840066
596,-0.72065454454715,0.44292404603917285,0.1496868734842748,0.12129881941745936
597,-0.38935887823431115,-0.16685345373341726,-0.07349815011539064,0.002403512576490146
598,-0.6675113660498742,0.04893145052862397,0.1509436816955802,0.35049836617425983
599,-0.7674606359426842,-0.09294753683551692,0.25969370501618577,0.27500147621088505
600,-1.0686177704761135,0.043372879557498335,0.1193460975513069,-0.32591123273398587
601,-0.5737504485034967,0.5198566289876229,0.004904108518510748,0.3092051149911627
602,-0.8959986446867999,-0.08560201689227287,-0.4032447754220607,0.16684081310991536
603,-0.5785931916450114,-0.027463134906837588,-0.23418515657081132,-0.0013709752681747647
604,-0.5427533421826671,-0.3676506182528508,-0.17068999399363025,-0.008235817165562915
605,-0.36432718765413996,0.3351909652871952,0.32819202785770135,0.5309289209793832
606,-0.5106591455490713,0.19943269671607228,0.14228654274344338,-0.019210807909915424
607,-1.013460241474115,-0.17850237860727441,-0.23197433358791572,0.18919615522052588
608,-0.806540843234312,-0.055648200950521205,0.35729631669271444,-0.13186434910082895
609,-0.5661531364311194,-0.019307643076684058,0.09107331120739126,-0.11570964529530713
610,-0.8545692289367877,0.025157729910254438,-0.26454006321228857,-0.008714335301902838
611,-0.34442152726067565,0.1199682088470463,-0.21215545068818392,0.053553497033763095
612,-0.5225666517959547,0.04641805650886408,0.10538387816672619,-0.14907718882058768
613,-0.9468699836360293,-0.14021678911695235,0.156454280506113,0.23294287535095085
614,-0.9353670436133308,0.23664229118041738,-0.21728165189106746,-0.19136301826198018
615,-0.330240430141469,-0.10155128475800831,-0.17880267761213833,-0.043819696526353015
616,-0.7578394148692776,0.21851688295382413,0.07832668695647267,-0.2580437673982601
617,-0.9685239149504943,0.4300014442239871,0.01841152638412567,-0.27861016152334744
618,-0.33386401383731773,0.06102588138284989,0.1401433304788597,-0.04363119359648374
619,-0.845903188530241,0.29710611965095957,0.2343182416822591,0.07920291005882242
620,-0.5969606624815478,0.24452580863664994,0.25597853216837413,0.028913675988341447
621,-0.5336568651213907,0.32730744783096266,0.280845887825989,-0.08850241730504552
622,-0.8737840369228371,0.4473168805636708,0.38656692650010915,-0.027189525889631225
623,-0.6033229727826825,0.2151344523435563,0.22036231464872263,-0.021034670713108907
624,-0.6455392133586707,-0.29714564286603423,0.09073181755275164,0.5333580069211861
625,-0.5232093707865738,0.4378849616802197,-0.16176054512062812,-0.018818950177726564
626,-0.2574822633013221,0.22355596731277735,-0.09153862505446349,0.16766971678736936
627,-0.7403224873354892,0.22693839792304518,0.014589222617240367,0.5941092295606195
628,-0.7558847744651062,-0.5159757240794413,-0.1797112302271428,0.03670372296322954
629,-0.6520394351182814,0.0007869470752979486,0.055123017624968476,0.505206937138108
630,-0.9540607633880247,0.11978597589377595,0.16084581674587334,0.05013890425699402
631,-0.832629446600402,-0.011424125620451506,-0.041165460422309626,0.28332544257623393
632,-0.23932261677691455,0.07861329209645465,0.0012180278620154297,0.2751277573396011
633,-0.9818456393620595,0.07010203570658298,-0.1096191266261591,0.20856373439897677
634,-0.7191614331888524,0.004525142245283918,0.39013428532964045,0.16284977502230324
635,-0.5120357349201983,0.2537572954927804,-0.0001760831088065486,0.24047679471650815
636,-0.5555956230077616,-0.05932111683552609,-0.0237424625106666,-0.09813907716846096
637,-0.454028911277424,0.12588254437789007,-0.006623056606336267,0.3315004361028976
638,-0.748164595093608,0.09431504772393864,-0.16386818768162933,0.1994590657680175
639,-0.6038617263153624,0.18991103641197044,0.24415401540518109,-0.6291128145694964
640,-0.47145533818965635,-0.0847920450053634,0.36850880638524114,0.3040192099923132
641,-0.8828069452980822,-0.11528385846010356,0.16916233487183815,0.08885278058738318
642,-0.5996463328199818,0.4000476282822354,-0.09811503783939145,-0.05480066033748314
643,-1.2112251753809375,-0.18352295206541155,0.2185337257875823,0.2548396971755417
644,-0.7954114768320432,-0.03806079023691643,0.139185421031736,0.11995555734888638
645,-0.7899777365434483,0.12050620636003481,-0.05247163353698338,0.09700794801966428
646,-1.2678643899925477,-0.10136905180473794,0.104634358735368,0.00615542943477787
647,-0.5379252739247331,0.11582288656079973,-0.021033436451559466,-0.0702987813530875
648,-0.8222637744173175,0.06991980275331262,-0.243464764276122,0.2485910432764506
649,-0.8903890724648253,0.08329661189568971,-0.3574886218818681,-0.09759817165828803
650,-0.5370337508721515,0.02211255295888869,0.3513564824077071,-0.011374356664026484
651,-0.49982563495870097,-0.5086302041361972,-0.24873752480168937,-0.06842433049359493
652,-1.158980522668136,0.3578174603597532,0.28770372032975366,0.24058960521723988
653,-0.9904145394200696,0.19779455386820297,0.22427119587699876,0.01911317401446011
654,-0.36408064064412154,0.1859906082887141,-0.31654302676768103,-0.14067147343549918
655,-0.7774985282527235,0.28704646183386917,-0.04320010072005246,-0.6072176424235086
656,-0.29505432526408765,-0.6192077179854542,0.30196998609228515,-0.09582015101209267
657,-0.5854100242033627,0.2839115434618528,0.11674813435930174,-0.08828534597598105
658,-0.46923075424907396,0.3416612340585487,0.10592081396790169,0.06772400471559463
659,-0.43094776916416516,-0.131233126325839,0.052804285331784544,-0.06590869993645444
660,-0.8850324027536098,-0.08479204500536339,0.15645741975367164,0.2695036091968125
661,-0.4634991128941998,-0.045944307693148986,0.136119092990228,0.061751878614487596
662,-0.5303270883374106,-0.3027042138371599,0.1292674033373073,-0.124208703249016
663,-0.6299513541314672,0.11244045595053188,0.08361652058894005,0.04364474716144086
664,-0.47681908598148837,0.42130795488084505,0.452517688373378,0.2716796905894267
665,-0.5606664416970564,0.21851688295382415,0.37267485348553453,0.0249157124998385
666,-0.6452911420653745,0.0016807091480045713,0.12251844255410292,-0.03370891432583138
667,-0.9576803995701463,-0.09653071129987116,-0.21118507290805036,0.00972109897631705
668,-0.7649001695984253,-0.21266679612025374,0.15107638128346418,-0.2102752574530656
669,-0.49823289170381485,0.25772038482575665,0.17299858290773734,-0.028486471842966186
670,-0.5182221255732882,0.15753356787110953,-0.25856860964830947,-0.20472216717787248
671,-0.5475912642955094,-0.046126540646419335,-0.0014750772035178289,-0.008705849740794747
672,-0.586513168146731,0.06517120366909646,0.12247056910732675,-0.22646661850916128
673,-0.7049732579890291,0.0050631397582724235,0.044213303022690296,-0.019230212515992655
674,-0.7266601378146558,-0.020945785924553366,0.1614026953155105,0.03317404064465227
675,-0.5018035209541953,0.036383124173972416,0.23672114683670337,0.15138444172735602
676,-0.2685666311480707,-0.6532823940777828,-0.033657708198327245,0.16264312534799213
677,-0.5114307956582037,-0.10997279972722936,-0.2617811631257218,-0.16820606883895467
678,-0.7530025172064503,0.23646005822714702,-0.024143138122768328,-0.13892291487929323
679,-0.9027871988275927,0.24569154508327756,0.290426828514912,0.28774467998147696
680,-0.38476268210281483,0.038890303612349686,0.22135393533701717,-0.40031455836500013
681,-0.480561669105841,0.30111628919486655,0.009480453795538095,0.06547118038019366
682,-0.5773660763093973,0.17377953559296463,0.3293142562824092,-0.3031807106322981
683,-0.9282974594792897,-0.058783119322537596,0.10702210936978636,-0.07531482302220442
684,-0.7295607941068735,0.34838554147630196,0.4387674368848283,0.1730949083765898
685,-0.5161459912182039,-0.020945785924553366,0.3336650618326833,-0.19139501131626618
686,-0.5003443825570741,-0.23867572180307955,0.25016207918998556,-0.10553253073556827
687,-0.5374368499982994,0.18802506949908396,0.2346015141637863,-0.376216297052375
688,-0.7126603379142963,-0.4053982102301843,-0.04918692982418271,0.2901387437743138
689,-1.1202963364220395,0.2445258086366499,0.1406076028510961,-0.1543207966904873
690,-0.7416634998190519,0.25240932609288247,0.17014724182186633,0.12323139606613398
691,-0.8277925489375745,-0.32324430996951076,-0.1503470442690095,0.269421255910145
692,-1.2521839769493721,0.04391087707048681,0.1647989361005702,0.23047895654866987
693,-0.7295182759670436,-0.131233126325839,-0.0954798834947984,-0.18755672001550774
694,-1.0043097855173555,0.40291057228033084,0.19289570180283774,0.12557538273712737
695,-0.3032691331276908,-0.08279813759777592,-0.22079917769432417,-0.24811869828886862
696,-0.5661531364311194,0.14660487346351123,0.5933041184674666,-0.3246392517590806
697,-0.614175317567924,0.313055387516695,-0.060389174496503176,0.15112412635933595
698,-0.7062405508514908,0.006701282606141731,0.1548182011414321,-0.4206110097654972
699,-0.7737576964526477,0.22857654077091447,0.10078709169803249,0.14173997063484475
700,-1.1679197207390213,0.06048788386986142,-0.21113427963134554,-0.4872140042031202
701,-0.4726076399998349,0.172613799146337,0.21674093629263938,0.02066957313830001
702,-0.5836640103343061,-0.26800179881119207,-0.09007415901884938,0.16572701041629503
703,-0.6574796783055061,-0.011869631600820297,0.039541275039653274,0.18396704739082761
704,-0.7333337009031656,0.044448874583475316,-0.045388790123129207,0.4259350319413718
705,-0.5606752711019497,0.3055091237193645,0.1861463627475315,-0.42302202895378826
706,-0.5922748392434405,0.23646005822714702,0.10247022317835697,0.20046604564445872
707,-0.7848539634086853,-0.6532823940777829,-0.020120693371130847,0.1645495793604228
708,-0.3168327344556715,0.13576867058853265,0.24293304105167982,0.0026612053546338937
709,-0.8812496421024095,-0.11474586094711506,0.06399687757631635,0.0633367759181501
710,-0.5427533421826672,0.09620070281005941,-0.058075187951738175,0.21462991494787792
711,-0.6847865676023167,0.3482958000556513,0.04214672265131431,-0.33571529830376584
712,-0.45155055131113736,-0.31058773129339246,0.4374369571544402,0.11836526576277827
713,-0.5802152341218222,-0.3158987900262666,0.08679383901724771,-0.06685365133964881
714,-0.5413920784634534,0.005063139758272407,0.5250977504176374,-0.10122963386724382
715,-1.3448869572598163,0.16786520006212086,-0.007347075686235506,0.3580266148833654
716,-0.5498720841835187,-0.1960897893208792,-0.1622096499843286,0.16798126575296196
717,-0.806540843234312,-0.2496941576313285,0.26460611840334164,-0.5054127864416841
718,-0.4429414737262798,0.12534454686490157,0.259475339308734,0.1559954175936735
719,-0.5442616384465989,-0.17491920414292017,0.2761672836108536,-0.22998368156135676
720,-0.7939514649199767,-0.2862169484584359,-0.06433938077947843,0.021919969185273676
721,-0.5334189965811962,0.28704646183386917,0.12858497064173827,-0.10835435173980867
722,-0.5026677146905093,0.09924587976142515,0.061878551702180984,-0.09824281805422927
723,-0.7502903871487657,0.26796227559611735,0.11825690038986902,-0.13819631434750915
724,-0.6921420027582785,0.16473028169010445,0.3292412472044548,-0.09063730785993843
725,-0.7119691225019693,0.06221851825035042,-0.21320116325971286,0.1824243647232282
726,-0.4097894907918199,0.21851688295382415,-0.040630181454589895,0.05170451289390354
727,-0.8010148444883465,0.2632789557968823,0.28848531437225294,-0.11723010107475818
728,-0.7575976888879319,-0.1914064695216441,0.32573296584393596,-0.2820862912273802
729,-0.9423951340575566,0.2839115434618528,0.2055601641204511,-0.09159189837002221
730,-0.560627137685154,-0.12866066760248066,0.17730929610586088,0.07897036297103657
731,-0.7013585036980737,-0.07508815174799115,0.09957031103939529,0.11642255939170391
732,-0.7354916433032636,0.0007869470752979486,0.005086043220787401,0.43496820547030357
733,-0.6758963764631726,0.13394829478739295,0.19423986679709151,0.11439026769936657
734,-0.5194845974070773,-0.2520525309454566,-0.07004711831964607,0.2975130621314598
735,-0.526349412447155,-0.11474586094711506,-0.17576708603054,0.1147958879611557
736,-0.6762176675443067,0.4776264610651406,0.08206131169372492,0.2568749049563881
737,-0.23298537874010347,-0.0033583752109486165,0.12166648041184724,0.39732813523254995
738,-1.1433747027610066,-0.1914064695216441,0.08478665289936815,-0.3540036542807187
739,-1.0840652869428364,0.013128890167775313,0.09293159485825223,-0.16667402978650367
740,-0.4947348103350996,0.05179439452671936,0.25213626772422554,0.05106909780089155
741,-0.40677632480658055,-0.11107294506211017,0.17760836937890875,0.12081770945514718
742,-0.4270536667499187,-0.7171286531585929,-0.2961212962429246,0.5698586371401363
743,-0.9030682288208409,-0.14882053703944376,-0.0031383675418392076,0.03406727785092862
744,-0.9050669942655875,0.18130728848947905,0.145116657415813,0.19885225335560738
745,-0.7635591571148627,0.11582288656079973,0.14747231281444276,-0.16829468179927515
746,-0.8234402749768744,0.33017039182905805,0.13400003914140765,0.2922646667507987
747,-0.3580264778549395,-0.06684886973204048,0.24660590641381525,0.05337050356304017
748,-0.5851721556631684,-0.013152009888971472,0.22168411755415743,0.030964233597412294
749,-0.48031512209582256,-0.17482946272226954,0.12795301352233104,-0.007343322040534077
750,-0.42832008609743505,-0.33715911662487624,0.20195232573012595,0.09139159441260682
751,-0.7691735503655098,-0.23867572180307953,0.17626006820278625,-0.0515222095865256
752,-0.6176340254704172,0.3527783760008,0.2855128927089429,-0.11027638600296504
753,-0.2756370887970571,0.014767033015644622,-0.05447485347956465,0.3847940625508022
754,-0.5837121437511018,0.05986014493622226,0.11149832874162481,0.4779502311124447
755,-1.052450684830781,-0.34504263408110886,-0.18113926129722296,-0.049196459855267306
756,-0.601181088803164,-0.199472219931147,0.21456265119571408,0.17653107073599267
757,-0.7637222815839415,0.07744755564982701,0.2767363002606718,0.06581936355826809
758,-0.6459136706828362,-0.011241892667181166,0.14424617903322698,0.00907689892593057
759,-0.7954114768320432,-0.15724205200866478,0.13138690390618263,0.39325007863338673
760,-0.5945073747795847,-0.11949446003133117,-0.1623042887517357,0.20798003149909652
761,-0.5048954291979809,-0.050899601866305044,0.2729534965160853,-0.2199529722327658
762,-0.4690676297799952,0.2098233936106821,0.02125924712214235,-0.11129896757424275
763,-0.5202450709867964,-0.3334862007398714,-0.2527377257625711,-0.12658710101220821
764,-0.7439050156951589,0.40793114573846795,0.19823271053613492,-0.30975344622900247
765,-0.2988813553793948,-0.1858478985505185,0.21233970582381612,0.0035604420044262736
766,-0.8607794403631875,-0.09348553434850541,0.3563897977068034,-0.21901459985271116
767,-0.7640889303075797,-0.025428673696467747,0.12197997991804133,-0.10254196958215411
768,-0.7605908489388645,-0.2702676805927005,-0.09573390453190547,0.12001519265867758
769,-0.7299987440035292,0.27134470620638523,-0.24013719562635452,-0.022628068572012938
770,-0.578826088221464,0.19169798538408886,0.12875745593645957,0.30400963301704315
771,-0.34581169761104874,0.44256828147945465,-0.10216318732430592,0.2109549942321167
772,-0.8333529632927386,-0.24987639058459885,0.1098051823546533,-0.26787388197252787
773,-0.4336376027318177,-0.7171286531585929,-0.22084047480077093,-0.027960141720662683
774,-0.1329661163505305,0.1600469618908694,0.05140265418382594,0.1222761254768973
775,-0.6245738049709998,0.06048788386986142,0.24030082823039184,0.07665729378549797
776,-0.9668920186187753,-0.029639275267695404,0.11356216344494288,-0.20858286332202755
777,-0.21966365432853815,0.20928539609769362,0.2623483506079306,0.1610621708624487
778,-0.6710103209335346,0.17279603209960737,0.09139934015525049,-0.17845183437088993
779,-0.694532841734829,-0.3870008276296701,-0.18506325344264804,0.0844661981155139
780,-0.5836640103343061,-0.0963484783466008,0.11221357623574645,-0.18290520314361433
781,-0.28783044606586117,-0.05401005810265188,0.05889516988456199,-0.28445451841855357
782,-0.6925470041437726,0.009208462044519004,0.1568096039190609,-0.13602265958985518
783,-0.6964015821567276,-0.16703568668668764,0.10185244329441763,-0.15434692396086877
784,-0.5239810208957062,0.1734237710332465,0.3675004459968957,-0.13573115397225444
785,-1.0008468488492521,0.21538196458180775,0.07244475414920826,0.1358809053332126
786,-0.43538346566580494,-0.21266679612025374,0.5172035445321695,-0.3037529075897319
787,-0.6640243102755027,-0.03017727278068389,-0.01942083157469735,-0.0533752775500546
788,-0.4290414066003213,-0.10300719465260726,0.21149856220832294,0.5140649116399748
789,-0.442453049799846,0.2845392823954919,0.03718962808068792,-0.061412102488183906
790,-0.8795457080195467,0.3661551851431771,-0.059604311863339886,-0.12036018618061582
791,-0.6089413744095504,-0.1141181220134759,0.3867456750149457,0.1582904778768562
792,-0.8282719925240454,0.06517120366909647,0.20754755934627878,0.27324153562288844
793,-0.40600453395116926,0.1584088190430001,0.22375557159027903,-0.21493162400753393
794,-0.5842027638669859,-0.41328172768641686,0.13970005581893022,0.11031576734706773
795,-0.46438093302694267,0.06463320615610797,0.34605410930499386,0.19473269604852425
796,-0.5816762704839036,0.03638312417397243,0.17529125326860887,0.2813368409863396
797,-0.39756485669302094,0.141293814730637,0.08315435525973877,-0.03127683123887352
798,-0.22615752058740826,-0.059321116835526065,0.25670946181683646,-0.12328168686580207
799,-0.7709476917170557,-0.057144976474668284,-0.23742748648428466,-0.10428473278102457
800,-0.25036855412670617,0.3745767001123981,0.028815894432717655,0.18303700079191482
801,-0.41800429865542305,-0.10668011053761216,0.23165008576991308,0.22415966021226566
802,-0.7971574907010999,0.13627324127249987,-0.2850413809288494,0.16018309538842757
803,-0.6444045009039591,0.04227273422261751,0.3640334034712838,0.15220137279842927
804,-0.7759156388527455,-0.21430493896812308,0.03149741773633376,-0.36637564531603317
805,-0.5365541563506112,0.42130795488084505,-0.10290986231897412,0.035925364190803506
806,-0.38934902437940305,0.26578613523525957,-0.019813779979263906,0.04762619133761188
807,-0.6606857040866293,0.17043765878547923,0.20251319905996867,-0.24312285549384147
808,-0.3224431801925913,0.3665109497028952,-0.02029089529996494,0.012809288640591372
809,-0.9158712056340331,-0.17068414043602295,0.3334846281989039,-0.11013862701047347
810,-0.7774985282527236,0.0864968095526872,0.29149751883992414,-0.031040928261512106
811,-0.6925478776587178,0.34721980502967437,0.035012795566987005,-0.0006483896130264265
812,-0.5836640103343061,0.35564131999889537,0.13696010453906485,-0.07856314539411267
813,-0.6737432550917472,-0.2411829012414568,-0.22431377095887653,0.2737663928635133
814,-0.28957645993491793,0.07251672361234052,-0.16371679200437922,0.1990590637027114
815,-0.7812883669845404,0.05179439452671938,0.019306493031062594,0.11492264890815314
816,-0.5606752711019497,0.0918078682855614,0.2551087898033929,-0.13111298865153004
817,-0.4689858076282629,0.21600970351544688,0.06712517688825749,-0.24459456031056176
818,-0.7411839052975114,0.33969205213315995,0.08353818585643495,-0.3171919327998034
819,-0.27650128253337103,0.0323544437292494,-0.023864088039742364,0.25686774534860024
820,-0.7815998042107664,-0.14882053703944376,-0.05488568102776042,-0.08393286246463119
821,-0.7390670935823166,-0.021573524858192503,0.13419933242010748,-0.026810974773371153
822,-0.35860262437988233,0.23171145914293087,-0.14277477764054322,-0.2430005471853483
823,-0.8587895043233346,0.3338429958872972,-0.05905672955301351,0.19828303977605893
824,-0.8060966887719851,0.061498287784091575,0.07595264231094186,-0.5182313315319481
825,-0.6319782470587025,-0.34943546860560687,-0.3008585942568764,0.12304234008599187
826,-0.6086515150114089,-0.01673518435332571,0.09679068413189433,0.5384798661465716
827,-1.003087491210414,0.22266220524007072,-0.22738096462310922,0.16217213751625373
828,-0.62335756429466,-0.06720463429175862,0.09738362816195421,-0.22336395343421617
829,-0.9622755712516279,0.24569154508327756,0.02962323317328516,0.23847825778380752
830,-0.591019445490268,0.07861329209645465,0.181524637523818,-0.02011086349598876
831,-0.7062405508514908,0.0993356211820758,-0.1571297355278214,0.1136994454498723
832,-0.5796902819577777,0.04227273422261751,-0.15065292870488634,-0.1674965406899584
833,-0.46699806777786035,-0.5165137215924298,0.3606956981425685,-0.17337698773630636
834,-0.3947146744305813,0.2232002027530592,0.23281086347620963,-0.20137300589803878
835,-0.7615714172644602,0.1972565563552145,-0.010778947990596468,-0.0402250145391533
836,-0.7956983523039788,-0.13069512881285048,-0.07991354850354984,0.3741004744933654
837,-1.1526834621581725,-0.06666663677877013,0.14213987540728365,0.2213836243146192
838,-0.3006617012966118,0.3944890573111098,-0.18506663527015707,0.002106568487952384
839,-0.553200836517484,0.28372931050858247,0.2456135591960232,0.049858961935278216
840,-0.639934472354159,0.026323466356882066,-0.2029210299517278,-0.06740822823131085
841,-1.0455063046909152,0.3653452132562676,0.24184207414951178,-0.6007474226208164
842,-0.4643928321362317,-0.26800179881119207,0.16743957214888644,-0.037531130732053226
843,-0.5106591455490713,-0.5713107267703796,0.4216641421852588,0.16942786498379087
844,-0.655610064368662,0.3264974759440532,0.1522533374094611,-0.15913749743248254
845,-0.7605162558028182,-0.19304461236951345,0.302431718010689,-0.08527249419510485
846,-0.6157630279965745,0.38246021756863063,0.23400667341363873,-0.013800707418719542
847,-0.6162879801606189,0.2912570634050969,-0.2757716884890278,0.21222728766660953
848,-1.3093683988786062,0.48515421396165503,0.2197189164575879,0.06352577147519067
849,-0.1452696436429451,0.18184528600246755,0.03604054321670861,0.21395227759556143
850,-0.597603381472167,0.06048788386986142,-0.050397916672954304,0.3879394896730156
851,-0.5106591455490713,-0.5086302041361972,-0.06842700365433031,0.0070579898963211785
852,-0.6639407367994936,-0.4053982102301843,0.1681826885263152,-0.10764503353114395
853,-0.48450806816610165,-0.31536079251327814,0.010267991046279814,-0.25755524133193985
854,-0.6422940345007147,0.38246021756863063,0.044278009649631925,0.3195036251816399
855,-0.5661531364311194,0.5883862078676679,-0.018052804711117,-0.04956281238113843
856,-0.6509884368858581,-0.1280982079538226,0.13336614937144955,0.35414581645008364
857,-0.7154206013887764,0.32174887685983705,-0.0028494605242752524,-0.1797893175028433
858,-0.8295384118715619,0.11244045595053187,-0.34424044650159785,-0.4332765490888536
859,-0.4879082748569094,-0.2890798924565314,0.15527360977485313,0.045953016084953384
860,-0.7760383654055875,-0.22019454901676813,0.08388309997793768,0.07286640689302303
861,-0.4075479749157129,0.2316217177222802,-0.13680419432625954,-0.11852078877663426
862,-0.7804191404219909,0.24506380614963844,-0.11923829944347285,0.061304231019783446
863,-0.565513193214792,0.11781679396838718,-0.22017020944302645,-0.18464869224460032
864,-0.5832679892887749,0.03548936210126579,-0.349468584792547,0.024587308334154307
865,-0.5603854117038082,0.13872135600727867,0.13439332106864654,-0.17778048888198697
866,-0.201133059022923,-0.08029095815939867,0.25373265940859463,0.054179270907003696
867,-0.8366079960056029,0.16786520006212086,0.14491154474687548,0.12011801940458279
868,-0.7120437156380156,0.3737667282254886,0.22115204475539205,0.14078760364687742
869,-0.4500503618722232,0.022650550471877178,-0.08209232334535825,0.257900258722841
870,-0.5907817278851429,-0.10943480221424087,0.09795629250203254,0.033020314025801044
871,-0.6458646637510952,-0.2355652655667327,0.043038632855902356,-0.2761325452592004
872,-0.45639242093770677,0.1124404559505319,0.319762810419895,-0.024396735810115405
873,-0.963158264899316,0.16309213884223514,-0.1926580791304386,0.5053727636702602
874,-0.39495859660137755,-0.1323332716607198,0.04002524624155058,-0.3207353559617562
875,-0.4575649739835365,0.22857654077091447,0.0181670723774632,-0.7299775218687824
876,-0.33536420327623195,0.48515421396165503,-0.013465528048261788,-0.1854521847161378
877,-0.6927896036400638,-0.4314071359130101,0.18171792057613548,0.18118311240024057
878,-0.7441379122716114,0.26578613523525957,0.012381767893474052,0.04883403028801716
879,-0.7143235110760101,0.14678710641678158,0.5604057253952164,-0.05829607483025829
880,-0.7866008507926875,0.07019177712723364,-0.1488828257831765,-0.14212199702739023
881,-0.6923101600535928,-0.08560201689227287,0.2937733343108409,-0.04421599247830659
882,-0.27079916668421494,-0.10605237160397303,-0.12961246728042577,0.13845453912376735
883,-0.7567334951516179,0.21851688295382413,-0.1318484890180042,-0.3189206574369373
884,-0.7295191494819887,0.5111631396444808,0.34517406544978885,0.15330741428474529
885,-0.6467680105642418,0.48569221147464353,0.3501700562245812,-0.11992210333138188
886,-0.43480512295141177,-0.571848724283368,0.0247598766920407,0.04534682543310601
887,-0.5591671257730875,0.36901812914127247,0.1126971598720744,0.037275942970609446
888,-0.3398766851854401,0.21824490857990314,0.24949518762378606,0.13926762762548406
889,-0.7262248127572223,-0.3169989353611475,0.38774348557793104,0.02056825084908359
890,-0.3231796754123213,-0.1603769703806812,-0.3524319957848978,0.1865500155595227
891,-0.9751814196184247,-0.05627593988416033,0.11678287083152647,-0.2422986456415642
892,-0.3865086959718716,-0.2520525309454566,0.020454683748892494,0.14620494159629502
893,-0.44781869985102435,-0.21266679612025374,-0.018751375320344894,-0.13777677638846658
894,-0.47308723452137524,0.10238079813344154,0.0014355415200179816,-0.35873315428514924
895,-0.7616133461155846,-0.1486383040861734,0.16696672155483253,0.17705013931540195
896,-0.49445290682690607,0.006883515559412087,0.17152532121623515,0.45864044685607075
897,-0.9260167905263498,0.035489362101265784,0.1151245469277651,-0.23723045576066717
898,-0.6160021291386981,0.06230825967100106,0.05294763376312802,-0.07509349630359649
899,-0.9226928592210569,0.09064213183893376,0.3585769106948296,-0.2726360341314281
900,-0.1778936134692579,-0.011424125620451506,0.10532370136716539,0.02149016898529943
901,-0.21681434558104384,-0.14075478662994084,0.02133068108731243,0.28726859004800437
902,-0.3941869464922453,0.25240932609288247,0.5598278462985717,-0.1744336358253328
903,-0.7777362458578486,0.027961609204751374,-0.19842126629669085,-0.23274209755774036
904,-0.2679297576361389,-0.20397330677711173,0.1622126521068985,0.16565259563420476
905,-0.4444800936621509,0.22069302331468194,0.26774111597518796,-0.17647085256135014
906,-0.6297046561863793,0.15216344443463686,-0.21870188888479378,0.2566967838055397
907,-0.7607539734079433,-0.2890798924565314,0.006097671718826283,-0.3527707619047341
908,-0.662278296406446,0.23664229118041738,0.01098736563373077,0.24731567874074084
909,-0.4983164651798239,-0.08315390215749408,-0.05812919728572562,-0.07914298687212387
910,-0.23070959167832975,-0.12334960886960644,0.1973908865910982,0.2826077445617906
911,-0.4663805719866344,-0.23374488976559302,0.4910607660008689,-0.11402195854313572
912,-0.7311020388819668,0.19842229280184215,0.175314251650134,-0.20304588577350918
913,-1.1297542820912978,-0.3158987900262667,-0.2019427714440463,-0.35008502353959386
914,-0.8850324027536098,-0.09285779541486627,-0.039142736847374494,0.41499651602914006
915,-1.0134121080573193,0.23977720955243378,0.3091430966417489,-0.6507383066372663
916,-0.47246958779507986,0.13394829478739298,0.024597304118078065,-0.37251736221214227
917,-0.7377564047706935,0.11582288656079974,-0.060121558154310646,-0.3652492544984712
918,-0.2298886494676454,0.2711624732531149,0.34705932579539267,-0.3450545782850141
919,-0.7814770776579244,0.4116040616234728,0.16548313885046112,0.08687640329074366
920,-0.6972266228162086,0.19387412574494664,0.1268642857917372,0.003555699293684263
921,-0.5640050478859298,0.19943269671607228,0.2669735525453251,-0.10155894085225467
922,-0.9074194783315264,0.056749688699875414,-0.1261115373218728,-0.0538505158919068
923,-0.42879968061897544,0.22355596731277735,0.0911543500624745,-0.13890095562176077
924,-0.43450077201811677,-0.12200163946970846,0.179747409822057,-0.009047193237252052
925,-0.4069080316993854,0.3004885502612274,0.025533729725770504,0.0977354083972376
926,-0.5535575535511129,-0.0011822348500908195,0.21176387359859597,0.2671976058263788
927,-0.28385292111067506,0.14660487346351123,0.23615594200515985,-0.31780995954358865
928,-0.3230215229069845,0.2069604496125867,0.5130775225249992,0.07858130990425827
929,-0.7777362458578485,-0.07276320526288425,-0.21354263649368693,-0.3157108729336723
930,-0.5018043944691407,0.09171812686491075,0.077186738608904,0.18539709509595875
931,-0.5950020032716897,-0.10997279972722936,0.1618495615288212,-0.19759695820713655
932,-0.8616388130708288,0.21600970351544688,0.3770129167781867,0.2641185604595099
933,-0.7820439586730934,0.5663159093821488,0.009784867494798094,0.09495238201049039
934,-0.47921387247176594,0.17593095047162377,0.0011681647584886065,0.45922310818772
935,-0.765432718565434,0.1076673947306462,0.1379172213049464,-0.0031217788187964113
936,-0.5157437656070014,0.032354443729249394,0.09693267125970938,0.06415805611110136
937,-0.5958573676031101,0.16255414132924667,0.09656365253870182,-0.0016623180404212892
938,-0.49437809330147064,0.524539948786858,0.06229203454003175,-0.2282619616309616
939,-0.47706578392657617,0.1681127123003723,-0.3030047029444559,-0.29273332464392404
940,-0.836370278400478,0.3271252148776923,0.027239436587938703,0.05364333113844536
941,-0.9119328337556798,0.017901951387661024,0.042848921411702996,-0.13825380316170857
942,-0.6725096368575035,0.11746102940866902,-0.04965665738695824,-0.0310330746217092
943,-0.6405409425510413,0.1205062063600348,0.19260235660480232,-0.17365209522611041
944,-0.8316069494236819,-0.5979473913868445,-0.2663237392536044,-0.01012215709861118
945,-0.7013544953218529,-0.07527038470126153,0.21551603627721785,-0.022977644265540713
946,-0.571762708653094,0.22693839792304518,-0.25399872451520034,-0.12917944385786878
947,-0.7239993553016946,0.05260436641362887,0.06187503740436186,-0.19654457831552108
948,-0.6728349363148585,0.009208462044518995,0.0773873611446066,-0.6683122015838877
949,-0.21758599569017617,-0.5165137215924298,-0.41278984828368215,-0.1755267812714504
950,-0.514888401275581,0.009836200978158136,0.0867326403110733,0.03414069984869504
951,-0.5604335451206038,0.19943269671607228,0.028793875818492656,-0.10748523789509183
952,-0.7195574542343836,-0.011331634087831808,0.0013276322132180299,0.15291783992974464
953,-0.5553587789175819,-0.19976270520588407,0.24608429085714292,0.46126941546195394
954,-0.7974041886461878,0.3105482080783178,0.1344261011100732,-0.24182302161323666
955,-1.093525710053428,-0.15724205200866478,-0.26224120113020055,-0.329372440465535
956,-0.7120428421230702,0.10659139970466922,0.1947536266339436,-0.1969278128533303
957,-0.6086948273995321,0.09171812686491072,-0.17840820510299352,0.2261820812703545
958,-0.3827652393325735,0.3605966141720514,-0.2537247454663589,-0.152664773266902
959,-0.5407745826722274,0.04641805650886408,-0.17785864287331005,0.24763066187582497
960,-0.5170053639258453,0.42130795488084505,-0.04605933391037078,-0.21869808818477704
961,-0.688569328253517,0.15502638843273228,0.1558650503308525,0.18865326121907108
962,-0.6140121930988451,0.15502638843273228,-0.012809026592306625,-0.04581939341411484
963,-0.31992464269945703,0.36901812914127247,0.08139001688496648,-0.5917796621533403
964,-0.776395233374286,-0.5165137215924298,0.33551961595544044,0.15008032138076427
965,-0.48426619124968634,0.014767033015644618,-0.048944365897825505,0.20475545959554728
966,-0.4788068258318909,0.08311437894241935,0.15349593774084322,0.18469274855020984
967,-0.368349049447464,0.1637198777758743,0.10774427225623348,0.3960952301846556
968,-0.5647019539239463,0.04391087707048683,0.15792598037350986,0.09305375398985996
969,-0.363970470620511,0.4898375337608901,-0.1790358554380837,-0.24758931168005244
970,-0.49583723169859184,-0.44962228556025396,-0.29721635865574825,-0.24369016688053927
971,-0.5109058434941592,-0.39733245982068144,0.03264278989604701,-0.16842097054685165
972,-0.3969463364517801,-0.23867572180307955,-0.13423536106609485,-0.2656642041132968
973,-0.43854508123654234,-0.10997279972722936,-0.07913290165800826,0.20102431278581828
974,-0.8293006942664368,0.5505488744696837,-0.04348411350626179,-0.14896825197617952
975,-0.9151388595368031,-0.18638589606350697,0.06140006640726809,0.08325122651299036
976,-0.7067592984498641,-0.1914064695216441,-0.2382922068059545,-0.25042769191419234
977,-0.5763567085951401,0.4560103699068129,0.08248007714764403,0.0696642788769324
978,-0.309121455781026,-0.04038573672202334,-0.024714002856802624,0.3088300616537035
979,-0.8303100619806941,0.07807529458346615,0.10705959102824959,-0.25533362132633497
980,-1.095108599453406,0.27366965269149207,0.3041542580073319,-0.6134145002972191
981,-0.7507698307352365,0.001324944588286438,-0.038713999586900034,0.13506200699246995
982,-0.7850877335000833,0.025695727423242925,0.1932982691500407,-0.3461474517861571
983,-0.5958564940881649,-0.035884649876058626,0.0634523154068172,0.4496818304085797
984,-0.5117652162018006,-0.0033583752109486165,0.10181225301206842,-0.17055967021629753
985,-0.6179898689891008,-0.2411829012414568,0.08577239292773119,0.11888591617104378
986,-1.1756320238636813,0.15684676423387195,0.26234526080753645,0.1841367025034446
987,-0.6090996778499568,0.2758457930523499,-0.03952160396009544,-0.10141918888511615
988,-0.2716633604205288,0.18856306701207246,-0.2909799296585312,0.10265588592080954
989,-0.3174502302468975,-0.29878378571390357,0.11561944353625946,0.25916541791429026
990,-0.228968549773015,-0.12200163946970845,-0.034450230690505186,-0.14492330558585634
991,-0.5461312523834428,0.21600970351544688,0.30303730110338173,0.14025520617029058
992,-0.6696730355743101,0.017901951387661024,0.22855104912743077,-0.26002312937351546
993,-1.2651289783930022,-0.03501561328555069,0.2892798823030304,-0.04363119359648371
994,-1.052129393749647,-0.35170135038711525,0.22922716120907535,0.04277348213725851
995,-0.7840325720384412,-0.18023026287579438,0.11723040366312351,0.06590968846986786
996,-0.6995338883167499,0.29492997929010173,-0.29700192711992324,-0.2817428852550624
997,-0.40008236973614053,-0.25993604840168916,0.25915138185039743,0.4945389700588362
998,-0.4853995912186832,0.22640040041005666,-0.0778445997178244,0.11486321184412569
999,-0.5449948580587741,0.42972946985006605,-0.07718895674116165,-0.04343860120121749
